age,sex,bmi,children,smoker,region,exercise_freq,chronic_conditions,annual_income,blood_pressure,cholesterol,annual_premium
22,female,26.2,0,no,southwest,occasional,1,94107.0,129.0,156.0,18468.5
54,male,25.8,0,no,northeast,regular,0,65748.0,141.0,217.0,24997.08
48,female,33.1,1,no,northeast,occasional,0,76640.0,138.0,184.0,32115.51
38,male,33.4,0,no,southeast,occasional,0,85783.0,132.0,214.0,25185.38
38,male,,0,no,southwest,regular,2,32857.0,138.0,208.0,24202.8
58,male,26.1,1,yes,northwest,occasional,0,82422.0,123.0,179.0,36576.0
22,male,31.7,1,no,southwest,none,1,52618.0,147.0,233.0,22348.51
50,female,23.5,5,,northeast,occasional,1,112396.0,141.0,174.0,43704.76
27,male,26.0,0,no,southeast,occasional,1,57858.0,109.0,237.0,23262.09
22,male,29.0,1,no,southeast,occasional,1,81980.0,127.0,241.0,21257.43
42,male,34.5,0,yes,northeast,regular,1,58075.0,99.0,232.0,40728.26
63,female,24.9,0,yes,southeast,none,1,110327.0,145.0,189.0,49558.41
52,female,17.4,2,no,southeast,occasional,0,50728.0,125.0,284.0,31591.12
53,female,17.0,0,no,southeast,none,0,87632.0,142.0,200.0,27297.97
51,male,20.9,1,no,northeast,none,0,75787.0,120.0,203.0,28900.27
54,female,20.6,0,yes,northeast,occasional,0,70895.0,94.0,194.0,41325.56
42,female,27.6,0,no,southwest,,1,67038.0,162.0,155.0,29831.91
24,female,21.4,3,no,southeast,occasional,0,47326.0,124.0,240.0,19070.45
57,male,24.3,0,no,southwest,none,1,15000.0,107.0,175.0,26808.81
39,female,23.9,2,yes,southeast,none,0,85637.0,139.0,227.0,42509.13
41,male,25.9,0,no,southwest,occasional,1,51246.0,153.0,236.0,23904.57
35,male,36.4,3,no,northeast,occasional,0,87731.0,119.0,216.0,24569.16
26,male,32.5,0,no,southeast,regular,0,69737.0,121.0,171.0,18344.66
61,male,28.6,0,no,southeast,occasional,0,88406.0,,183.0,28970.3
54,male,,2,no,northeast,regular,1,79642.0,105.0,120.0,22573.81
48,male,25.9,0,no,northeast,regular,0,15000.0,112.0,191.0,20871.16
36,male,30.5,0,no,southeast,occasional,1,75528.0,149.0,223.0,25178.74
56,female,32.0,5,no,southwest,occasional,1,54439.0,120.0,187.0,30269.21
43,male,23.1,1,no,southeast,occasional,3,87630.0,109.0,174.0,30819.79
38,female,28.7,2,no,northeast,regular,1,75007.0,115.0,185.0,25042.6
39,female,16.3,1,no,southwest,occasional,1,75265.0,138.0,238.0,23603.39
28,female,,2,no,northeast,occasional,1,56011.0,92.0,193.0,24462.52
22,female,33.1,3,no,northeast,occasional,0,41923.0,126.0,260.0,22893.41
44,male,26.8,1,no,southwest,occasional,1,52476.0,159.0,175.0,29023.99
59,female,39.4,0,no,southwest,regular,0,22402.0,152.0,203.0,33032.12
20,female,23.2,0,no,southwest,regular,1,49012.0,131.0,180.0,16893.47
58,male,29.8,1,no,southwest,none,0,29788.0,142.0,268.0,27754.25
56,male,28.3,2,no,southeast,none,0,436056.8301404112,142.0,201.0,31723.97
31,female,27.9,1,no,northwest,regular,1,64563.0,120.0,269.0,20543.88
47,male,27.8,0,no,northwest,occasional,0,73749.0,136.0,180.0,25790.63
25,male,29.1,0,yes,southwest,regular,0,61301.0,149.0,248.0,34566.35
53,female,33.6,1,no,southwest,none,0,51027.0,103.0,199.0,26574.08
50,female,36.8,2,no,northwest,regular,2,41157.0,131.0,224.0,33843.85
34,male,28.5,0,no,northwest,occasional,0,55022.0,127.0,152.0,21782.81
21,female,33.4,1,no,northwest,none,0,43911.0,124.0,207.0,22270.24
63,male,24.3,2,no,northwest,none,3,60618.0,122.0,158.0,35163.92
38,female,33.1,3,no,southwest,occasional,2,28526.0,125.0,204.0,28640.64
59,female,23.9,0,no,northeast,none,0,77429.0,127.0,142.0,28644.82
49,male,35.0,3,no,northwest,regular,0,49525.0,139.0,192.0,27270.06
54,male,41.8,1,no,southwest,occasional,0,70278.0,129.0,233.0,30316.79
53,female,27.8,2,no,southeast,occasional,2,81519.0,119.0,214.0,33499.12
27,male,15.3,0,no,northwest,none,0,69213.0,109.0,152.0,17596.3
35,male,25.2,1,no,northwest,regular,0,79581.0,115.0,129.0,20724.31
39,male,35.9,1,no,northeast,occasional,0,16534.0,126.0,212.0,26649.04
41,female,,0,no,northeast,regular,1,51157.0,111.0,250.0,22537.55
20,male,30.0,1,yes,northeast,regular,0,86268.0,136.0,161.0,36040.65
43,female,34.6,1,yes,northeast,occasional,1,73203.0,128.0,268.0,40496.97
25,female,31.4,1,no,northeast,regular,0,102666.0,139.0,195.0,22097.67
52,male,35.8,0,yes,northwest,occasional,1,99496.0,112.0,126.0,48826.54
50,female,34.0,1,no,northeast,occasional,2,68591.0,110.0,140.0,31824.46
61,female,37.6,0,no,southwest,none,0,,139.0,222.0,34219.89
53,male,30.7,3,yes,northeast,none,0,40914.0,124.0,200.0,45554.85
35,female,33.9,4,no,northwest,occasional,0,51532.0,119.0,247.0,26976.84
63,male,26.7,0,no,southwest,none,1,53019.0,132.0,153.0,36348.27
37,male,24.9,0,no,northeast,occasional,0,48949.0,132.0,199.0,20340.24
33,male,38.7,0,no,southeast,regular,1,41797.0,103.0,195.0,24270.61
60,female,29.8,1,no,southwest,occasional,0,70835.0,143.0,190.0,29114.16
35,female,33.3,3,yes,southeast,none,1,99326.0,116.0,182.0,46516.53
21,male,29.2,1,yes,northeast,occasional,1,82532.0,148.0,182.0,34795.74
40,female,25.0,0,no,southeast,none,0,54907.0,102.0,201.0,24385.03
55,female,28.6,0,no,southeast,regular,0,84309.0,127.0,206.0,29545.98
26,female,37.1,0,no,northwest,occasional,1,69626.0,119.0,,26353.26
39,female,31.8,3,no,northeast,occasional,0,61105.0,92.0,237.0,28334.34
24,male,18.2,1,yes,northeast,occasional,1,59731.0,132.0,153.0,34552.65
50,female,27.2,1,no,southwest,occasional,2,57601.0,93.0,132.0,29019.71
40,male,39.2,0,no,northwest,none,0,76323.0,118.0,231.0,27247.2
33,male,27.2,3,,northeast,none,0,65073.0,139.0,162.0,24192.59
28,male,17.7,0,no,southeast,occasional,0,45975.0,114.0,182.0,16284.18
44,female,39.9,2,no,southwest,regular,0,44909.0,108.0,174.0,33425.78
49,female,32.6,3,yes,northeast,none,3,68730.0,134.0,173.0,48776.24
62,male,28.1,1,no,northeast,none,3,71430.0,118.0,144.0,36633.19
38,male,26.3,3,no,northwest,none,0,55111.0,116.0,,20751.65
25,male,35.0,0,no,southeast,occasional,2,37096.0,141.0,218.0,27372.82
57,female,25.2,1,no,northwest,none,0,89521.0,104.0,195.0,26811.29
47,male,35.4,0,no,southwest,regular,3,,115.0,213.0,33880.11
50,female,31.8,1,no,northeast,none,2,18278.0,135.0,178.0,34474.74
22,male,30.0,0,yes,northwest,occasional,0,91471.0,104.0,227.0,36527.51
32,male,29.4,0,no,northwest,none,1,,,177.0,27725.04
54,female,27.5,0,no,northwest,occasional,1,66180.0,,121.0,27221.41
57,male,34.8,0,no,southeast,none,0,87041.0,135.0,206.0,29695.19
38,male,23.3,1,no,southwest,occasional,0,98356.0,135.0,222.0,20356.94
55,male,18.8,1,yes,northwest,regular,1,84063.0,120.0,175.0,38808.77
57,female,,0,no,southeast,none,0,67303.0,115.0,237.0,31308.92
36,male,32.3,5,no,northeast,regular,0,31736.0,121.0,165.0,25874.49
60,male,31.4,3,no,southeast,none,0,17423.0,,218.0,32047.07
31,male,30.9,0,no,northwest,occasional,1,81319.0,107.0,256.0,27385.65
29,female,26.6,0,no,southeast,occasional,0,91525.0,104.0,196.0,16865.0
50,female,33.2,1,yes,northeast,none,0,44078.0,144.0,187.0,43016.66
47,female,,2,no,southwest,occasional,0,56065.0,111.0,191.0,23455.1
24,male,25.6,0,no,southwest,none,0,49740.0,127.0,252.0,19787.3
57,female,,2,no,southwest,occasional,1,49154.0,119.0,209.0,32928.83
27,male,40.6,0,,southwest,occasional,0,85649.0,120.0,270.0,24533.35
55,female,,0,no,northeast,regular,1,66804.0,143.0,205.0,25951.03
18,female,31.5,2,no,southeast,none,0,56958.0,121.0,172.0,22463.5
55,female,18.4,1,yes,northwest,regular,1,,117.0,175.0,37021.44
54,female,27.9,2,,southwest,none,0,30443.0,118.0,197.0,29590.01
54,female,25.9,0,no,northeast,occasional,2,74054.0,114.0,124.0,29675.45
49,male,16.0,0,no,northeast,none,0,38922.0,112.0,178.0,19947.53
40,female,30.8,0,no,southeast,none,2,58536.0,115.0,179.0,28152.36
51,female,26.2,0,no,northeast,none,0,65270.0,147.0,203.0,28208.01
31,female,15.9,0,no,southeast,occasional,0,80581.0,133.0,263.0,21417.5
54,female,33.5,1,no,northwest,none,1,56254.0,117.0,197.0,34665.76
44,male,37.1,1,no,southeast,occasional,0,53927.0,137.0,128.0,32514.36
39,female,37.4,1,no,southwest,regular,0,55860.0,98.0,163.0,25923.57
41,male,30.7,0,no,southeast,none,1,38241.0,143.0,204.0,27632.74
44,female,28.8,0,no,northeast,none,1,75911.0,141.0,198.0,28041.66
19,female,36.5,2,no,northeast,none,1,68189.0,156.0,252.0,26251.96
24,male,38.6,0,yes,northeast,none,3,71574.0,137.0,229.0,44654.37
29,female,35.3,3,no,northeast,occasional,0,60470.0,129.0,228.0,26267.62
23,female,22.9,0,no,southeast,occasional,0,57757.0,141.0,187.0,19084.85
38,female,29.7,1,no,northwest,none,1,87863.0,113.0,233.0,24182.28
49,male,,3,no,northwest,none,0,84479.0,116.0,,30613.06
48,male,17.6,1,no,northeast,occasional,0,93126.0,121.0,229.0,18958.53
40,female,31.3,1,yes,southwest,none,0,70197.0,,185.0,39904.75
58,female,42.1,2,no,northeast,occasional,0,91759.0,109.0,144.0,35439.46
44,female,32.3,0,no,northwest,regular,0,52846.0,108.0,216.0,26126.88
21,female,37.3,2,no,northwest,none,0,57581.0,126.0,244.0,23369.33
53,male,29.6,3,no,northeast,occasional,1,88292.0,133.0,181.0,35157.24
45,female,28.1,4,no,southwest,regular,1,80555.0,111.0,250.0,27000.62
47,male,30.8,1,no,northeast,occasional,2,55610.0,132.0,137.0,25732.27
44,female,23.6,0,no,southeast,regular,0,38982.0,143.0,153.0,23472.1
44,female,22.7,2,yes,southeast,regular,0,57513.0,140.0,190.0,33138.22
22,female,36.1,1,no,southwest,occasional,1,46933.0,127.0,182.0,21989.08
44,female,36.7,0,yes,southeast,occasional,0,99939.0,121.0,172.0,43541.29
55,male,22.6,0,no,southwest,occasional,0,78721.0,148.0,200.0,24836.23
32,male,,0,no,northwest,occasional,1,45150.0,122.0,176.0,26266.74
46,male,28.0,1,no,southeast,occasional,1,39010.0,136.0,,25466.14
19,female,30.5,0,no,southeast,occasional,0,44877.0,151.0,205.0,22116.15
34,male,31.3,0,no,southeast,regular,1,49706.0,135.0,172.0,20771.09
38,female,34.5,0,yes,southeast,none,1,58333.0,107.0,191.0,45520.66
64,male,29.0,3,no,northeast,none,2,,103.0,172.0,34402.14
28,male,37.0,0,no,northwest,none,0,40737.0,118.0,153.0,26863.6
30,male,30.4,0,no,northwest,none,1,112370.0,133.0,222.0,22821.39
37,male,32.2,1,no,northeast,occasional,1,41247.0,129.0,255.0,32040.5
64,male,23.5,0,no,northwest,none,0,31001.0,155.0,232.0,27937.14
58,male,41.5,4,no,northeast,occasional,1,99143.0,129.0,207.0,32912.74
19,female,31.3,3,no,southeast,occasional,1,91068.0,117.0,173.0,22553.56
28,female,32.8,0,no,southeast,none,0,57988.0,105.0,185.0,25574.82
56,female,18.9,1,yes,southeast,none,0,70389.0,140.0,232.0,42073.18
20,male,23.6,0,no,southeast,occasional,0,70945.0,122.0,120.0,18762.76
58,female,35.9,0,no,northeast,,1,65008.0,99.0,182.0,33945.11
31,female,30.2,0,no,northeast,occasional,0,33477.0,122.0,221.0,20812.5
61,female,17.0,0,no,southeast,none,0,15000.0,107.0,155.0,27385.12
31,male,34.7,0,yes,southwest,none,0,43416.0,116.0,210.0,39148.57
38,female,,1,no,southeast,none,1,101955.0,122.0,208.0,24164.77
49,female,37.0,0,yes,southeast,none,1,102819.0,108.0,144.0,46080.3
23,male,28.0,0,no,southeast,regular,0,56240.0,115.0,198.0,18438.12
44,male,29.7,1,no,southeast,none,0,40925.0,111.0,173.0,29513.48
41,female,35.6,1,no,southeast,none,0,,111.0,210.0,26915.79
54,male,23.1,0,yes,southeast,regular,0,71658.0,107.0,218.0,37186.81
64,male,22.5,0,no,northeast,occasional,1,75216.0,115.0,209.0,28288.13
49,female,27.3,0,no,northeast,occasional,0,15000.0,109.0,198.0,29860.07
37,male,33.5,0,yes,northwest,occasional,1,131471.0,131.0,,39352.21
37,male,20.5,2,no,southeast,regular,1,86914.0,125.0,154.0,24776.39
37,male,18.5,3,no,southwest,none,2,57647.0,140.0,194.0,23561.36
56,female,33.4,0,no,northwest,none,0,46193.0,150.0,167.0,31403.8
33,male,24.9,0,no,northwest,regular,0,83721.0,132.0,231.0,20661.64
25,female,26.1,2,no,southwest,regular,0,72899.0,129.0,219.0,22034.81
33,male,17.4,1,no,northwest,regular,2,,133.0,219.0,24141.33
19,female,,0,no,southwest,none,1,72083.0,129.0,255.0,20640.83
22,female,28.5,0,no,northeast,regular,1,59520.0,123.0,183.0,18948.35
22,female,34.1,1,,northwest,none,1,70841.0,122.0,,41792.55
54,female,23.9,1,no,northwest,occasional,0,77980.0,107.0,183.0,23878.8
51,male,38.4,0,no,northwest,regular,1,69553.0,135.0,139.0,25009.8
50,female,24.4,0,no,northeast,none,1,68400.0,122.0,142.0,22955.56
39,female,24.4,0,no,northeast,none,0,92643.0,144.0,217.0,20223.29
51,female,37.7,0,no,northwest,occasional,3,26864.0,136.0,146.0,36062.07
25,female,29.8,1,no,northwest,regular,2,44447.0,113.0,157.0,27565.04
60,female,25.2,1,no,southwest,none,3,62584.0,141.0,191.0,30385.75
41,male,27.6,1,no,northeast,regular,1,45943.0,90.0,181.0,22727.61
62,male,36.6,0,no,northwest,none,0,53287.0,151.0,226.0,33922.71
25,male,37.3,0,no,northeast,occasional,1,90330.0,102.0,197.0,27797.8
41,male,23.6,2,no,southwest,none,0,58723.0,129.0,167.0,21946.65
50,female,28.2,1,no,southwest,regular,1,21757.0,128.0,229.0,29452.73
41,female,29.0,0,no,southwest,none,0,52686.0,139.0,221.0,25006.06
38,male,,0,no,southwest,occasional,2,63278.0,117.0,146.0,29674.64
25,male,28.2,2,no,northwest,none,0,62873.0,90.0,204.0,21025.5
35,female,28.5,2,no,southeast,regular,0,74233.0,117.0,170.0,23114.58
29,female,35.3,3,no,northwest,regular,0,72437.0,119.0,169.0,23116.62
32,female,35.7,1,yes,southwest,none,1,58946.0,91.0,,41184.91
50,female,26.5,1,yes,northwest,none,0,35753.0,123.0,199.0,42763.7
47,female,27.2,1,no,northwest,occasional,0,52295.0,106.0,187.0,22203.96
46,female,32.5,0,no,southwest,occasional,0,48299.0,132.0,198.0,22258.49
35,male,25.0,1,no,southwest,regular,0,55728.0,118.0,226.0,20611.66
63,female,32.0,1,no,southwest,occasional,2,77206.0,151.0,170.0,36812.42
22,male,28.0,0,no,northeast,occasional,0,70890.0,118.0,176.0,17428.73
34,male,22.7,3,no,northwest,occasional,0,80128.0,128.0,218.0,22085.77
23,male,22.8,0,,northwest,occasional,0,53550.0,119.0,142.0,13623.27
33,male,37.2,0,yes,northwest,none,0,95184.0,98.0,230.0,42444.12
63,male,27.6,0,no,northwest,none,0,76802.0,119.0,139.0,30339.99
35,female,38.3,3,no,northwest,none,0,64469.0,133.0,,27902.53
60,female,25.4,3,no,southwest,occasional,0,75274.0,131.0,139.0,28674.11
41,male,30.2,1,no,northeast,none,0,47133.0,118.0,,22456.6
50,female,42.9,4,yes,southeast,occasional,0,15607.0,100.0,240.0,46147.01
39,male,22.2,3,yes,southwest,none,1,,132.0,232.0,39320.01
30,male,17.1,2,yes,southeast,occasional,0,78444.0,128.0,235.0,33385.44
53,female,,3,no,northwest,none,1,63765.0,135.0,144.0,34335.57
63,male,23.5,0,no,northeast,occasional,1,58990.0,118.0,158.0,28528.59
30,female,28.4,2,no,northeast,none,2,43348.0,97.0,207.0,28264.44
54,female,25.0,1,no,southeast,none,0,18972.0,130.0,220.0,31639.85
30,male,30.1,2,no,northwest,none,1,93347.0,122.0,167.0,24397.54
51,male,22.8,0,no,northeast,,2,57426.0,143.0,175.0,29404.56
55,female,27.4,2,no,southwest,regular,3,,122.0,155.0,31687.52
39,female,31.2,4,no,southeast,none,1,47224.0,121.0,253.0,30010.23
52,female,22.5,0,no,southwest,occasional,0,89599.0,128.0,178.0,24632.65
30,male,24.3,5,no,northwest,occasional,2,81390.0,113.0,196.0,29063.62
21,male,26.4,0,no,southwest,occasional,1,40721.0,112.0,198.0,21717.72
22,female,19.9,0,no,northeast,occasional,0,87620.0,121.0,234.0,18578.93
39,female,26.0,0,no,northeast,none,0,58808.0,108.0,162.0,21895.53
60,male,29.2,2,no,southwest,occasional,2,48568.0,119.0,236.0,32139.74
23,female,26.1,1,no,southwest,regular,0,55541.0,151.0,,18775.81
39,female,26.9,0,no,southeast,regular,1,44767.0,138.0,236.0,27988.17
51,male,28.4,1,no,northeast,none,0,32941.0,127.0,135.0,31184.73
27,male,24.6,0,no,northwest,occasional,1,79075.0,145.0,191.0,15600.9
51,female,32.6,1,no,southeast,none,0,57144.0,110.0,252.0,35570.48
32,female,37.1,3,yes,southwest,occasional,1,75579.0,159.0,219.0,44532.06
56,male,25.7,2,no,northwest,none,0,68319.0,115.0,210.0,30374.37
45,male,31.4,2,no,northeast,none,2,74068.0,152.0,158.0,28042.85
43,female,27.1,1,no,southeast,occasional,0,16988.0,152.0,169.0,24779.86
26,male,30.7,5,no,southeast,regular,0,42931.0,96.0,242.0,24706.54
39,female,37.9,0,no,northwest,none,0,74526.0,144.0,,25284.45
58,female,,0,no,southeast,occasional,0,33954.0,118.0,226.0,23803.9
18,female,17.9,0,no,southwest,occasional,3,70207.0,113.0,198.0,20491.28
53,male,31.2,1,yes,northwest,regular,0,,130.0,185.0,41525.86
41,male,35.9,1,no,southeast,occasional,0,62362.0,107.0,222.0,30524.49
51,male,27.2,2,no,southeast,none,1,97420.0,130.0,204.0,29987.5
49,female,34.5,0,no,southeast,none,0,79041.0,108.0,189.0,28640.05
38,male,24.4,0,no,southwest,occasional,0,21284.0,125.0,146.0,22629.75
32,male,19.6,1,,southeast,none,1,,142.0,228.0,25371.09
47,male,29.3,5,no,southeast,regular,0,102089.0,128.0,210.0,26235.4
24,male,18.0,0,no,northeast,regular,2,123534.0,117.0,174.0,20533.76
45,male,27.1,0,no,southeast,regular,1,72452.0,130.0,236.0,25415.38
22,female,36.2,0,yes,northeast,none,0,31983.0,101.0,204.0,37362.42
48,female,17.0,1,yes,northeast,occasional,1,71563.0,109.0,204.0,38673.44
47,male,20.8,0,no,southeast,occasional,2,97113.0,116.0,226.0,29043.85
21,male,22.3,0,,southeast,none,0,57884.0,,218.0,19305.76
53,male,,1,no,southwest,none,1,84948.0,128.0,205.0,27717.99
37,female,26.3,0,no,southeast,none,0,43529.0,130.0,188.0,19480.32
54,male,36.9,0,no,southwest,occasional,0,70192.0,122.0,264.0,30401.73
19,female,34.2,0,no,northwest,regular,1,15000.0,,169.0,22635.83
26,male,31.5,3,no,southeast,regular,0,41093.0,,221.0,23966.96
41,male,29.4,0,no,southwest,none,0,61865.0,112.0,192.0,25188.01
26,female,30.9,0,no,northwest,,0,54006.0,128.0,211.0,20974.52
33,female,23.3,0,no,southwest,none,1,33386.0,120.0,238.0,24055.48
49,female,33.6,1,no,southeast,none,1,51008.0,130.0,184.0,29243.97
24,female,21.8,3,no,northeast,none,0,69252.0,113.0,216.0,21621.44
49,female,33.5,0,no,southeast,occasional,0,60103.0,138.0,204.0,30398.46
22,female,35.6,0,no,northeast,occasional,2,63341.0,143.0,173.0,24847.05
26,male,29.8,0,no,northeast,regular,0,78103.0,137.0,239.0,21671.0
45,male,,1,no,northeast,regular,0,54450.0,124.0,220.0,20984.79
55,male,30.9,3,yes,northeast,none,0,91902.0,115.0,180.0,45030.5
26,male,15.0,1,no,northwest,occasional,1,40236.0,164.0,234.0,18840.18
32,male,30.3,0,yes,southwest,none,0,104416.0,107.0,166.0,39019.65
61,male,27.8,2,no,northwest,occasional,2,86487.0,135.0,194.0,32970.04
64,male,28.2,2,no,southwest,occasional,1,54168.0,127.0,180.0,34176.39
45,female,32.7,0,yes,southeast,none,0,,121.0,221.0,41608.88
39,male,28.1,0,no,northeast,none,1,66548.0,125.0,178.0,21045.39
34,female,21.7,0,no,northeast,none,0,75171.0,114.0,222.0,20567.14
46,male,27.7,2,no,southwest,none,0,86080.0,128.0,216.0,27336.55
45,female,28.9,2,no,southeast,regular,1,32507.0,127.0,182.0,27804.81
31,female,29.2,2,no,southwest,none,0,71624.0,162.0,259.0,25361.6
19,male,29.5,2,no,northwest,occasional,2,15437.0,138.0,169.0,22161.05
25,male,34.7,0,no,southeast,regular,1,58099.0,130.0,146.0,22132.4
63,female,22.0,0,no,southwest,occasional,0,93986.0,131.0,225.0,25123.1
37,female,29.6,0,no,southwest,occasional,3,30813.0,150.0,120.0,24063.22
40,male,36.2,3,yes,northeast,regular,0,26817.0,107.0,247.0,42076.52
39,female,18.1,1,no,southwest,none,0,66857.0,119.0,199.0,19376.13
54,female,29.6,0,yes,northwest,none,0,92523.0,93.0,145.0,43279.55
21,male,25.0,0,no,southwest,occasional,3,,130.0,162.0,18006.0
21,male,26.3,2,no,southeast,occasional,0,20098.0,135.0,138.0,19718.85
30,male,23.1,2,no,southeast,regular,0,24971.0,,208.0,24397.39
40,female,27.5,2,no,northwest,none,0,64150.0,144.0,149.0,24305.14
49,female,39.5,0,no,southwest,occasional,0,36057.0,111.0,,29598.73
41,female,20.9,3,no,northwest,occasional,0,65007.0,,184.0,23128.93
38,female,21.5,2,no,southeast,regular,1,66312.0,124.0,178.0,24024.69
62,male,20.7,1,no,southeast,none,2,51225.0,146.0,213.0,32118.38
25,male,38.9,1,no,southeast,none,1,101925.0,109.0,217.0,24691.05
44,male,25.7,3,no,northwest,regular,0,74990.0,126.0,235.0,25996.03
43,male,28.3,3,no,southeast,occasional,0,88655.0,134.0,173.0,21844.64
40,female,,1,yes,southeast,none,0,82253.0,131.0,194.0,40402.89
55,female,22.8,0,no,southeast,none,0,58698.0,131.0,173.0,25884.25
30,male,27.1,0,no,southeast,regular,1,57722.0,133.0,201.0,22379.9
62,female,43.2,2,no,southeast,occasional,0,55452.0,114.0,168.0,33939.85
33,female,36.9,1,no,southwest,,2,76984.0,147.0,,32235.01
43,male,23.4,0,yes,southeast,regular,0,47692.0,120.0,180.0,36144.06
42,female,32.4,0,yes,northeast,none,1,99951.0,118.0,205.0,42100.37
57,female,23.5,3,no,southeast,none,2,45591.0,142.0,195.0,32566.85
38,female,17.8,3,no,northeast,occasional,1,66718.0,113.0,213.0,22757.18
31,female,34.6,4,no,northeast,regular,2,56960.0,127.0,191.0,33802.43
19,male,35.5,1,yes,southwest,none,1,52083.0,111.0,175.0,35076.07
35,female,34.8,2,yes,northwest,occasional,1,109792.0,160.0,202.0,44840.17
56,male,25.7,2,no,southeast,none,0,52341.0,157.0,163.0,30654.47
18,female,27.5,0,no,southwest,none,0,55296.0,120.0,215.0,22056.4
60,male,33.0,0,yes,northeast,regular,2,47389.0,130.0,185.0,49334.39
43,male,,5,yes,northeast,none,0,62903.0,122.0,202.0,43076.79
24,female,26.1,0,no,northeast,none,2,59771.0,117.0,203.0,25914.98
32,male,18.8,1,yes,northwest,regular,0,37376.0,124.0,251.0,32221.99
44,male,29.2,1,no,southeast,occasional,1,,121.0,208.0,29552.25
32,female,35.0,2,yes,southwest,occasional,0,75413.0,99.0,198.0,41860.43
23,male,21.3,0,no,southeast,regular,3,84594.0,126.0,171.0,21938.17
49,female,32.3,2,no,northwest,none,0,62528.0,121.0,223.0,28237.24
49,male,87.68196396377125,0,no,southeast,occasional,0,63298.0,127.0,186.0,25593.42
23,male,33.0,2,no,northeast,none,2,54058.0,121.0,142.0,26969.96
31,female,33.7,0,no,southeast,none,0,50946.0,117.0,188.0,22333.25
29,male,,2,yes,southeast,occasional,0,41769.0,135.0,202.0,34165.35
48,male,18.8,2,no,northeast,none,2,27754.0,130.0,166.0,26036.33
52,female,25.3,0,no,southwest,regular,2,46546.0,143.0,,29914.16
52,female,33.8,0,yes,southwest,regular,0,81889.0,129.0,,40337.7
62,male,25.2,2,no,northwest,regular,1,52663.0,119.0,193.0,26916.54
54,female,24.3,0,no,southeast,none,0,54388.0,131.0,238.0,25484.74
33,female,17.6,0,no,southeast,none,0,53959.0,92.0,149.0,16936.77
23,female,39.0,1,no,northeast,regular,1,89384.0,154.0,266.0,25102.8
46,male,33.5,3,no,northeast,occasional,0,41576.0,126.0,194.0,29234.89
61,female,33.1,1,no,southeast,occasional,0,68095.0,155.0,215.0,32081.05
63,female,34.3,0,no,southwest,regular,0,60494.0,109.0,199.0,30983.71
28,female,32.0,4,yes,southeast,none,2,63494.0,105.0,135.0,42957.37
29,male,27.0,1,yes,southeast,none,1,67376.0,127.0,158.0,39150.59
19,female,27.5,1,no,southeast,occasional,0,63258.0,127.0,177.0,14496.75
24,female,,0,no,northwest,occasional,2,79446.0,127.0,230.0,20242.32
44,male,44.3,0,no,northeast,none,1,61356.0,125.0,147.0,33665.33
43,female,31.8,0,yes,northwest,occasional,0,100376.0,113.0,165.0,39298.6
35,female,25.7,2,no,southwest,regular,3,62979.0,100.0,201.0,28734.34
32,male,31.3,0,no,southwest,occasional,0,24524.0,126.0,212.0,19447.07
57,female,22.4,2,no,southwest,none,0,76043.0,103.0,210.0,26267.49
39,male,37.5,0,no,northeast,occasional,0,70626.0,101.0,161.0,25036.46
55,female,24.5,0,no,southeast,regular,0,62716.0,116.0,139.0,25068.58
63,female,31.5,0,no,southeast,regular,1,56289.0,128.0,214.0,32440.77
32,female,34.9,1,no,northeast,none,1,15478.0,152.0,245.0,29850.06
27,male,30.8,2,yes,northeast,regular,2,19169.0,137.0,183.0,39536.09
62,female,29.1,0,no,southwest,regular,0,98245.0,143.0,155.0,31146.16
47,male,28.6,0,no,southeast,occasional,0,49119.0,132.0,180.0,29657.18
31,female,28.2,0,no,southeast,none,0,83244.0,128.0,209.0,20342.65
47,female,25.0,2,no,northwest,none,0,26733.0,160.0,187.0,26775.31
42,male,25.8,0,no,southeast,occasional,2,38969.0,102.0,244.0,29541.71
60,male,37.4,2,yes,northeast,none,1,76930.0,116.0,227.0,52152.0
30,male,27.8,0,no,northeast,none,1,59745.0,117.0,201.0,22953.76
64,female,23.8,0,no,southeast,regular,1,73829.0,135.0,127.0,29425.39
61,male,25.4,2,no,northwest,none,0,61700.0,107.0,171.0,25368.59
26,male,35.1,1,no,southwest,regular,0,57431.0,133.0,176.0,21662.16
25,male,32.6,0,no,northwest,occasional,0,47039.0,131.0,169.0,17606.18
43,male,31.9,4,yes,northeast,regular,1,35732.0,134.0,,44652.63
20,male,27.0,0,,northeast,none,0,92859.0,134.0,202.0,16929.46
32,male,31.9,0,no,southeast,occasional,0,96481.0,145.0,136.0,23072.75
38,male,24.6,0,no,northeast,occasional,1,39149.0,121.0,223.0,25083.63
63,female,26.9,1,no,northeast,regular,0,37710.0,130.0,196.0,87633.18000000001
64,male,34.3,2,no,northwest,none,0,54349.0,,208.0,31888.31
25,female,33.7,0,no,northwest,,0,69490.0,108.0,221.0,21762.23
59,female,22.6,3,no,southeast,regular,0,58000.0,,168.0,30243.36
22,female,23.4,1,yes,southeast,none,0,72989.0,110.0,239.0,32091.91
53,male,29.2,4,yes,northeast,occasional,2,60917.0,,190.0,47458.48
57,male,38.9,2,no,southwest,none,1,59478.0,130.0,248.0,34790.15
59,female,17.0,3,yes,northwest,none,0,115088.0,,164.0,41655.59
28,female,30.2,1,no,southeast,occasional,1,50446.0,97.0,245.0,24321.44
59,female,20.2,0,no,northeast,occasional,1,,135.0,163.0,25791.94
23,male,,1,no,southeast,occasional,1,93831.0,121.0,284.0,21921.35
42,male,26.3,1,yes,northwest,occasional,2,73090.0,113.0,162.0,40030.37
40,male,26.0,1,yes,southeast,occasional,1,19625.0,118.0,232.0,43089.18
32,male,25.3,2,no,northwest,regular,0,62683.0,138.0,182.0,20356.96
19,female,,0,no,southwest,none,0,50677.0,133.0,220.0,16596.24
54,male,25.3,2,no,northeast,none,0,62442.0,120.0,194.0,29235.23
33,male,,0,no,southwest,none,0,38615.0,105.0,157.0,22695.93
49,female,33.2,4,no,southwest,regular,3,78638.0,106.0,120.0,35233.7
37,female,33.0,0,no,northwest,none,1,83670.0,133.0,283.0,25881.87
35,male,33.6,0,yes,northwest,,0,87741.0,103.0,198.0,37268.83
59,male,19.3,2,no,northwest,occasional,2,53592.0,120.0,120.0,28705.13
22,female,30.3,2,no,southwest,occasional,1,38693.0,162.0,206.0,23424.42
52,female,32.6,2,no,southeast,,0,69737.0,129.0,219.0,29867.17
53,female,22.3,4,no,southeast,occasional,2,,133.0,170.0,29963.44
35,female,28.6,0,no,northeast,occasional,0,63527.0,,170.0,19892.52
30,female,27.8,2,no,southwest,none,0,71951.0,104.0,194.0,24172.16
18,male,39.6,0,no,northeast,occasional,0,56832.0,134.0,237.0,20420.83
62,male,40.0,1,no,northeast,none,2,50924.0,118.0,198.0,36789.65
62,female,18.5,1,no,northwest,regular,0,,140.0,246.0,23712.55
29,male,43.5,0,no,northwest,occasional,0,59667.0,124.0,235.0,27611.2
19,male,23.0,1,no,southwest,none,1,70878.0,175.0,187.0,20763.72
23,male,34.4,2,no,southwest,none,2,73165.0,115.0,140.0,27762.05
21,female,34.3,0,yes,northeast,occasional,0,69645.0,128.0,,33831.99
57,male,22.5,3,no,northwest,regular,0,74273.0,,213.0,23373.28
59,male,31.5,1,no,southwest,none,2,43234.0,139.0,197.0,34001.48
25,male,27.9,0,no,southeast,none,1,41891.0,130.0,217.0,22989.94
53,male,31.8,1,no,northeast,occasional,0,61062.0,109.0,225.0,29370.76
26,female,29.9,0,yes,northwest,regular,0,61592.0,119.0,214.0,30053.37
35,male,35.7,0,no,southeast,regular,0,50509.0,144.0,185.0,25772.17
46,female,29.0,2,yes,southwest,none,1,67302.0,142.0,213.0,41729.47
51,male,27.5,0,no,southeast,occasional,1,81981.0,102.0,273.0,27568.76
59,female,35.1,0,no,northeast,regular,1,88125.0,,143.0,33584.66
20,female,,2,no,southeast,regular,0,,151.0,212.0,16154.69
27,female,32.9,0,yes,northwest,occasional,1,33074.0,121.0,259.0,39597.21
31,female,24.5,2,no,southwest,occasional,0,36414.0,126.0,154.0,21078.55
32,male,22.2,2,no,northwest,occasional,2,55628.0,139.0,230.0,23022.16
64,female,25.1,0,no,northeast,none,0,63766.0,104.0,235.0,28893.53
54,female,24.8,1,yes,northwest,none,0,56755.0,109.0,143.0,42473.28
33,female,33.2,0,yes,northwest,occasional,0,49842.0,119.0,220.0,42308.06
63,female,34.4,1,no,northeast,none,0,55303.0,142.0,186.0,35790.18
41,female,27.6,0,,southeast,occasional,0,72633.0,139.0,193.0,42441.39
41,female,37.1,4,no,southwest,regular,1,32748.0,134.0,184.0,28261.08
38,female,36.7,0,yes,southwest,regular,2,113554.0,121.0,241.0,40376.6
24,female,30.0,2,no,northwest,none,0,62462.0,140.0,191.0,21868.38
61,male,23.6,0,no,northeast,none,0,,121.0,179.0,29877.21
18,male,38.0,0,no,southeast,occasional,0,49240.0,132.0,179.0,17642.59
26,male,28.1,1,no,northwest,occasional,1,74636.0,137.0,183.0,20103.25
28,male,,1,no,northeast,none,0,64202.0,149.0,157.0,20707.32
31,male,26.5,5,no,southwest,regular,0,80850.0,123.0,178.0,22474.04
24,male,23.2,0,no,southwest,none,0,,118.0,199.0,18960.24
18,male,19.7,0,no,northeast,none,0,96134.0,143.0,209.0,14970.11
49,male,32.3,0,no,southwest,occasional,1,29175.0,144.0,237.0,30541.88
63,female,,0,no,southeast,occasional,0,82886.0,115.0,203.0,25678.88
23,female,46.9,3,no,northwest,occasional,0,64612.0,107.0,178.0,25200.42
31,female,22.0,3,no,southeast,occasional,1,39597.0,142.0,160.0,20148.08
41,male,21.0,3,no,northeast,regular,0,104945.0,99.0,205.0,21232.7
61,male,31.6,0,no,northeast,none,1,102671.0,98.0,191.0,30557.24
50,female,37.7,0,no,southwest,occasional,0,16375.0,119.0,192.0,30727.33
54,male,28.9,2,no,southeast,none,2,,124.0,204.0,33518.83
45,female,31.9,0,no,northwest,occasional,1,77525.0,106.0,213.0,27026.07
37,male,17.4,2,no,northwest,occasional,0,71718.0,125.0,204.0,23820.0
27,male,24.4,0,yes,southwest,occasional,2,95342.0,126.0,,36956.87
58,female,22.1,0,no,northwest,none,0,90768.0,115.0,167.0,25198.99
55,male,17.1,3,yes,southwest,regular,0,67834.0,153.0,174.0,36064.45
19,male,29.2,0,no,southwest,occasional,1,112096.0,128.0,225.0,17992.04
51,female,15.0,4,yes,northwest,regular,1,82611.0,139.0,180.0,37277.61
21,male,20.6,0,no,southeast,occasional,0,,100.0,148.0,16090.67
52,female,25.3,0,no,southeast,regular,0,49848.0,100.0,236.0,21054.98
56,male,23.5,0,no,southwest,occasional,0,89354.0,129.0,162.0,22417.82
24,male,,0,no,northwest,,1,44555.0,150.0,196.0,21556.35
38,female,30.3,1,no,northeast,occasional,3,52986.0,107.0,,27666.06
23,male,33.9,0,no,northeast,regular,0,56729.0,124.0,195.0,20617.25
44,female,33.0,1,yes,southeast,occasional,3,69824.0,103.0,120.0,46157.44
61,female,35.3,3,no,southwest,occasional,0,57744.0,111.0,209.0,32264.95
21,female,28.5,0,no,southeast,occasional,1,33027.0,125.0,241.0,23147.28
36,male,30.3,0,no,southeast,occasional,2,87566.0,115.0,223.0,26296.93
63,female,31.6,0,no,northeast,occasional,1,53103.0,102.0,121.0,31133.6
32,female,29.3,2,no,northeast,regular,0,106439.0,102.0,269.0,20358.95
24,female,26.1,1,no,southwest,occasional,0,68688.0,94.0,149.0,18379.41
40,male,26.5,0,no,southeast,occasional,0,89879.0,129.0,157.0,23053.48
41,female,23.6,1,no,southwest,occasional,1,75879.0,131.0,222.0,22308.71
49,male,31.0,1,no,northeast,regular,3,90931.0,131.0,211.0,32246.15
32,female,27.9,0,no,northwest,,0,74547.0,108.0,198.0,21612.6
62,male,24.5,0,yes,southwest,,0,67174.0,137.0,175.0,42958.53
42,female,24.5,5,no,northeast,none,0,86051.0,133.0,242.0,27809.66
31,female,21.2,0,no,northeast,occasional,1,116691.0,122.0,194.0,19159.63
63,male,34.4,0,no,southeast,occasional,1,56064.0,120.0,140.0,34716.76
61,female,29.0,0,no,southeast,occasional,0,79488.0,112.0,238.0,31043.77
41,female,23.3,1,no,southwest,none,1,61885.0,,203.0,23807.38
19,male,33.4,1,yes,southwest,regular,0,73133.0,146.0,234.0,32368.53
46,male,25.1,0,no,southeast,occasional,1,62927.0,139.0,,25554.36
44,female,20.1,1,no,northeast,occasional,0,15000.0,,279.0,20538.37
24,male,34.6,2,no,southeast,,0,,130.0,184.0,24407.23
47,male,25.3,0,no,southwest,none,1,83990.0,105.0,196.0,29108.87
57,female,26.0,3,no,northwest,none,1,45165.0,133.0,220.0,34867.74
22,male,28.7,0,no,southwest,occasional,0,82261.0,110.0,184.0,16038.4
51,female,35.4,0,no,southeast,occasional,1,66039.0,132.0,223.0,33433.81
24,male,28.6,4,no,northeast,none,0,,167.0,120.0,22772.75
53,female,21.3,2,no,southeast,none,0,81928.0,113.0,192.0,21192.22
37,male,31.8,0,no,southeast,none,3,76983.0,166.0,191.0,31133.79
18,female,25.6,3,no,northeast,occasional,2,71252.0,129.0,190.0,21570.89
63,female,39.8,1,no,northwest,none,0,84350.0,111.0,164.0,36341.4
25,male,28.5,0,no,southeast,none,2,66468.0,110.0,227.0,23181.03
46,male,15.1,2,yes,northeast,none,1,25817.0,,177.0,39350.47
26,female,30.6,2,no,northwest,occasional,0,53681.0,129.0,202.0,21509.68
61,female,,0,no,southeast,regular,0,22303.0,114.0,194.0,29277.01
52,female,38.0,1,no,southwest,occasional,0,76462.0,119.0,213.0,29139.34
55,male,39.5,0,yes,southeast,none,1,81716.0,128.0,245.0,53598.73
38,female,22.4,0,no,southwest,,2,82717.0,122.0,202.0,23405.72
39,female,34.0,4,yes,southwest,regular,0,72760.0,127.0,224.0,43116.87
47,male,24.2,1,no,northwest,occasional,0,83294.0,149.0,200.0,26610.14
54,male,29.8,1,no,northeast,none,0,27315.0,105.0,177.0,27774.56
57,male,20.9,1,no,southwest,occasional,0,59634.0,132.0,190.0,23022.93
18,female,24.6,1,no,northwest,regular,1,30872.0,121.0,185.0,15328.51
49,male,24.4,0,no,southwest,regular,0,54117.0,115.0,215.0,26808.2
23,male,,4,no,southeast,occasional,1,97558.0,138.0,199.0,25976.59
31,female,33.3,1,no,northwest,,0,86051.0,100.0,167.0,18386.39
56,male,30.2,2,no,southeast,regular,1,76570.0,90.0,187.0,31634.43
29,female,20.4,1,no,southeast,none,1,58004.0,125.0,142.0,17185.91
55,female,,0,no,southwest,none,1,40141.0,120.0,189.0,27576.96
39,female,24.0,0,no,northeast,regular,0,66115.0,102.0,195.0,20893.39
28,female,33.7,0,no,southwest,none,1,86435.0,96.0,258.0,30721.18
33,female,35.6,0,no,northeast,occasional,1,71017.0,151.0,242.0,29440.13
42,female,34.8,2,no,southwest,none,1,27115.0,129.0,159.0,28596.28
53,female,24.0,3,no,southwest,none,1,64301.0,122.0,202.0,29632.09
46,male,15.0,0,no,northwest,none,2,19907.0,155.0,203.0,28025.73
61,male,17.9,0,no,northeast,occasional,0,79692.0,137.0,187.0,28882.33
58,female,37.0,2,no,southwest,occasional,0,46754.0,149.0,189.0,31922.18
53,male,26.1,0,no,southwest,occasional,3,35091.0,104.0,183.0,30717.68
46,female,24.0,3,no,northwest,none,0,79994.0,104.0,261.0,24325.92
31,female,38.4,0,no,southeast,regular,2,74306.0,131.0,180.0,29429.13
37,female,36.1,0,no,southwest,occasional,1,67113.0,128.0,207.0,29711.69
23,male,28.6,0,no,northeast,regular,2,110218.0,141.0,120.0,17365.02
35,male,26.7,3,no,southeast,occasional,1,75970.0,98.0,224.0,24458.15
61,male,27.7,0,yes,northwest,none,1,47811.0,133.0,236.0,43435.17
38,female,29.9,2,yes,northeast,regular,1,73422.0,137.0,158.0,40071.31
23,female,38.1,0,no,southwest,regular,0,55706.0,136.0,177.0,18842.69
48,female,31.0,0,yes,northwest,none,0,89869.0,116.0,211.0,38512.21
63,female,32.9,3,no,southwest,occasional,0,68181.0,130.0,196.0,34894.02
58,female,35.5,0,no,southeast,occasional,0,70358.0,110.0,211.0,30588.26
30,female,21.5,0,no,southeast,none,3,,118.0,185.0,25493.13
39,male,33.0,1,no,northwest,occasional,0,63350.0,106.0,260.0,26613.31
42,female,26.7,3,no,northwest,none,1,60762.0,111.0,172.0,29070.75
29,male,15.0,0,no,southwest,none,0,39467.0,118.0,289.0,17358.23
30,female,15.7,0,no,southeast,regular,0,57127.0,115.0,,15849.6
29,female,22.4,5,yes,southwest,occasional,3,71587.0,111.0,224.0,39456.11
64,male,31.7,2,no,northwest,regular,0,61904.0,103.0,159.0,32081.7
53,female,29.2,3,no,northwest,occasional,1,30934.0,151.0,227.0,31309.37
57,male,29.6,2,no,northeast,regular,0,55989.0,114.0,216.0,28126.63
56,female,40.2,2,no,southwest,occasional,0,51703.0,127.0,121.0,32449.16
63,male,20.9,0,no,northwest,occasional,0,66257.0,96.0,146.0,29390.73
22,male,28.3,0,yes,southeast,,1,63882.0,142.0,208.0,37022.89
59,female,30.3,2,no,northwest,occasional,0,52945.0,125.0,190.0,29212.44
21,male,24.1,2,yes,northwest,occasional,1,52085.0,115.0,177.0,37452.26
40,female,28.7,4,no,southeast,occasional,1,63479.0,115.0,233.0,31241.65
45,female,18.9,1,no,southeast,occasional,0,83185.0,135.0,164.0,24920.88
34,male,37.0,0,yes,southwest,none,0,68130.0,90.0,179.0,38491.97
24,male,24.4,1,no,northeast,regular,0,93308.0,110.0,172.0,15931.15
27,male,40.7,1,yes,southeast,regular,1,86930.0,120.0,213.0,37605.14
56,male,28.3,1,no,northeast,occasional,0,94927.0,120.0,135.0,29455.11
32,male,34.7,2,yes,southwest,occasional,0,92110.0,160.0,178.0,39753.95
32,female,28.2,1,no,southeast,occasional,0,96385.0,117.0,135.0,17344.51
61,male,28.3,0,no,northwest,regular,0,36631.0,137.0,184.0,30664.54
24,female,25.0,1,yes,southwest,occasional,1,76243.0,149.0,220.0,34460.86
61,male,29.2,1,no,northwest,occasional,0,88803.0,132.0,221.0,29434.81
61,female,30.4,3,yes,northeast,none,0,92779.0,112.0,170.0,42411.35
46,female,23.8,0,no,northwest,none,0,45044.0,103.0,214.0,25186.66
25,male,27.7,1,no,northeast,regular,1,76462.0,133.0,189.0,22443.05
25,female,24.8,1,no,southwest,occasional,1,63654.0,147.0,243.0,21862.81
31,male,42.3,1,yes,southeast,none,0,102635.0,130.0,190.0,42163.34
45,male,28.0,0,yes,southwest,none,0,31480.0,141.0,120.0,44749.31
25,female,37.8,3,no,southwest,occasional,1,45076.0,161.0,226.0,24845.29
39,female,,3,no,southwest,occasional,0,22166.0,135.0,179.0,22867.17
23,male,30.1,1,no,northwest,occasional,1,65182.0,105.0,185.0,22976.44
43,male,20.6,1,yes,northeast,occasional,0,111804.0,123.0,207.0,33528.02
18,male,25.8,0,no,northwest,regular,0,61024.0,143.0,145.0,13299.85
51,male,29.8,1,no,southwest,none,0,64223.0,,198.0,30517.45
20,male,38.0,1,no,southwest,regular,0,74105.0,145.0,214.0,23221.0
27,male,29.8,2,no,southwest,none,1,59442.0,121.0,208.0,25578.34
26,female,36.8,0,no,northeast,occasional,0,70053.0,127.0,174.0,23291.8
57,male,32.3,2,no,northeast,none,0,70629.0,117.0,230.0,30165.75
20,female,38.3,0,no,southwest,,0,43398.0,124.0,160.0,21660.53
38,female,28.1,1,no,northeast,none,0,59931.0,125.0,173.0,24182.31
45,female,42.8,1,yes,southeast,,1,78323.0,98.0,190.0,50023.38
42,male,25.6,0,no,northwest,regular,1,82429.0,115.0,205.0,24721.17
49,female,23.9,1,no,northwest,occasional,3,90567.0,104.0,184.0,27561.48
55,female,21.2,2,no,southeast,regular,0,69380.0,116.0,238.0,27636.47
36,male,42.5,1,no,southwest,occasional,0,69827.0,110.0,205.0,23827.98
56,female,33.4,0,no,southwest,occasional,0,78504.0,137.0,198.0,28803.06
32,male,26.5,1,no,southeast,none,2,48915.0,137.0,204.0,24511.83
64,female,36.0,0,no,northwest,occasional,0,48013.0,,221.0,30736.32
41,male,,1,no,southwest,occasional,0,59254.0,,203.0,29528.47
52,female,40.3,1,yes,southeast,regular,1,33950.0,121.0,132.0,43707.72
59,male,19.2,0,no,southeast,regular,0,70952.0,102.0,,23092.97
55,male,26.9,1,no,southeast,none,0,85080.0,,199.0,29759.56
58,male,25.7,2,no,northeast,occasional,0,46379.0,132.0,219.0,28038.48
43,male,16.7,2,no,northeast,occasional,1,71573.0,137.0,181.0,23906.94
20,male,34.9,0,no,southwest,occasional,1,48159.0,129.0,131.0,24890.37
41,male,26.9,0,no,southeast,none,0,39635.0,141.0,120.0,25564.64
26,male,32.9,1,no,northeast,occasional,1,107222.0,126.0,162.0,22576.01
59,female,42.7,0,no,northwest,regular,0,,118.0,213.0,32087.01
29,female,26.4,1,no,southwest,none,0,33855.0,135.0,240.0,23512.91
28,female,26.0,0,no,southeast,occasional,2,66724.0,136.0,206.0,25786.08
29,female,29.2,0,no,southeast,none,1,67907.0,114.0,158.0,23617.03
48,male,34.4,2,no,northeast,regular,2,76679.0,128.0,168.0,32250.62
44,male,25.1,0,no,southwest,none,1,106027.0,118.0,243.0,27323.37
62,male,24.7,2,yes,southwest,none,0,44903.0,92.0,149.0,41918.49
37,male,34.8,0,no,southeast,none,0,49274.0,129.0,269.0,26242.38
31,male,30.8,1,no,northwest,regular,0,,103.0,261.0,23421.13
20,female,16.2,0,no,southeast,occasional,0,82661.0,127.0,270.0,16493.31
18,female,21.1,2,no,southwest,none,0,79602.0,99.0,208.0,12217.44
35,female,37.5,2,no,southwest,none,0,49023.0,111.0,,24926.07
61,male,30.9,0,no,southwest,regular,0,86770.0,115.0,207.0,27584.44
42,female,23.9,1,no,southeast,occasional,2,79670.0,140.0,,27612.83
59,male,27.5,0,no,northwest,none,0,66170.0,114.0,172.0,30895.0
22,male,28.6,1,no,southeast,regular,0,49132.0,106.0,156.0,25278.59
22,male,32.9,0,no,southwest,none,1,64347.0,127.0,185.0,17713.21
57,female,20.4,1,no,northwest,occasional,1,98267.0,119.0,168.0,27397.63
23,male,23.5,0,yes,northeast,none,0,37933.0,134.0,238.0,33451.36
20,male,30.1,3,no,southeast,,1,44404.0,107.0,173.0,21875.31
36,male,27.9,1,no,northwest,regular,1,48188.0,125.0,198.0,24969.71
61,male,31.9,1,no,southwest,occasional,2,52962.0,159.0,229.0,35902.69
50,male,21.1,0,no,northeast,occasional,0,,118.0,240.0,23638.23
22,male,30.6,0,no,northwest,,0,,125.0,202.0,18723.98
57,male,35.0,0,no,northwest,regular,1,,97.0,208.0,31716.84
57,male,31.4,3,no,southeast,occasional,0,63339.0,109.0,159.0,31036.88
55,male,29.3,2,no,southeast,occasional,1,68094.0,129.0,231.0,32061.62
60,male,27.9,0,no,northwest,regular,1,75728.0,117.0,239.0,28419.5
29,female,23.5,2,no,northwest,none,1,25002.0,131.0,130.0,28249.11
64,male,28.1,0,no,northeast,none,3,,128.0,257.0,38136.63
33,female,36.1,0,no,southeast,none,1,,102.0,170.0,28615.14
55,female,27.8,1,no,southwest,regular,2,52243.0,137.0,216.0,29968.86
45,male,23.2,0,no,southwest,none,1,69490.0,103.0,198.0,25740.1
54,male,25.5,0,no,northeast,none,0,60341.0,111.0,193.0,27442.17
47,male,29.7,2,no,southeast,occasional,1,72712.0,125.0,188.0,24827.86
48,male,26.3,0,no,northwest,none,1,65120.0,146.0,160.0,25896.87
46,male,31.4,3,no,northeast,none,3,55635.0,107.0,213.0,32742.14
54,male,31.6,1,no,northeast,occasional,0,95633.0,124.0,185.0,27408.46
52,male,33.8,2,no,northeast,none,0,77577.0,124.0,149.0,27562.05
24,male,37.0,1,no,northeast,regular,1,68647.0,132.0,159.0,23931.9
56,female,34.5,3,no,southwest,none,0,77235.0,140.0,150.0,34695.25
43,male,22.9,0,no,northwest,regular,1,46483.0,116.0,177.0,23182.14
33,female,23.1,1,no,southeast,occasional,0,,137.0,212.0,18692.82
42,male,28.0,1,yes,southwest,none,0,38072.0,142.0,170.0,37113.72
63,female,25.8,3,no,southeast,none,0,64490.0,149.0,229.0,31573.53
58,male,21.7,0,no,southeast,occasional,1,55699.0,130.0,,25264.87
57,female,25.8,1,no,southeast,,0,54863.0,124.0,185.0,28555.35
39,female,25.7,2,no,northeast,none,1,517678.6560584997,115.0,196.0,29285.79
54,male,24.5,0,no,northwest,regular,1,45022.0,100.0,244.0,25568.92
36,female,26.6,3,no,southeast,occasional,1,88144.0,118.0,147.0,25032.92
50,male,35.6,0,no,southwest,regular,0,35497.0,124.0,253.0,27538.3
48,male,29.7,0,no,southwest,none,0,83638.0,120.0,229.0,25764.27
29,female,,1,yes,southwest,none,1,76268.0,131.0,194.0,44904.0
30,female,29.5,1,no,southeast,occasional,0,53620.0,100.0,236.0,20990.25
20,male,,0,no,southeast,none,0,73717.0,119.0,184.0,17232.65
24,female,28.5,0,no,southwest,none,2,58526.0,152.0,,21327.45
38,female,30.0,0,no,southwest,none,0,37778.0,137.0,176.0,24658.98
40,female,31.1,2,no,southeast,none,0,38010.0,131.0,229.0,29917.38
25,male,41.0,3,no,southwest,regular,3,76420.0,128.0,170.0,31401.4
37,female,23.4,1,no,southwest,none,0,75279.0,117.0,193.0,25428.27
46,male,33.7,0,no,southeast,regular,0,67324.0,96.0,219.0,24712.77
28,female,29.7,1,yes,northeast,none,0,53387.0,,232.0,39335.23
33,female,19.1,3,no,northeast,occasional,1,57811.0,90.0,166.0,18695.96
35,female,33.1,2,no,southwest,occasional,2,,117.0,221.0,30348.02
41,female,36.1,0,no,northeast,occasional,1,,122.0,161.0,31889.94
35,female,23.4,0,no,northwest,regular,3,63348.0,115.0,120.0,25034.05
52,male,28.4,3,no,southeast,regular,0,73494.0,155.0,169.0,31594.01
33,male,18.1,3,no,southwest,none,1,63487.0,149.0,224.0,22051.84
38,female,20.9,0,no,southwest,occasional,0,100921.0,137.0,195.0,20241.01
35,male,34.8,2,yes,southwest,regular,2,39900.0,108.0,176.0,40314.9
26,female,25.7,0,no,northwest,none,2,47456.0,151.0,197.0,24334.71
50,male,21.8,0,no,northeast,,0,64926.0,131.0,196.0,24921.58
29,female,29.9,2,no,southeast,,1,,108.0,217.0,25522.83
31,male,25.4,1,no,northeast,occasional,1,20173.0,122.0,139.0,21227.2
55,male,25.7,0,no,southeast,occasional,0,75259.0,136.0,191.0,26048.39
62,male,32.9,3,no,southwest,occasional,1,67463.0,113.0,199.0,34497.52
49,male,,2,no,southeast,regular,3,15373.0,124.0,147.0,28939.08
61,male,23.1,0,no,southeast,occasional,0,59432.0,127.0,147.0,24489.31
58,male,,1,no,southeast,regular,0,44212.0,105.0,182.0,23873.12
40,female,34.3,2,no,southwest,occasional,3,52027.0,118.0,195.0,30729.82
54,female,35.9,1,no,northwest,occasional,0,32562.0,107.0,195.0,26668.76
33,female,24.5,5,no,southeast,occasional,0,71156.0,135.0,176.0,21456.12
39,female,34.1,2,no,northeast,occasional,1,,108.0,174.0,26676.69
43,female,23.8,0,no,southeast,regular,1,67831.0,126.0,181.0,23770.26
63,female,39.5,0,yes,northwest,none,0,15000.0,101.0,,47316.79
57,male,21.7,2,no,southeast,regular,0,68283.0,105.0,239.0,31176.51
40,female,,5,no,southwest,occasional,1,57718.0,104.0,120.0,26272.7
48,male,24.6,0,no,northeast,occasional,0,37778.0,118.0,217.0,27547.16
27,male,40.6,0,no,southeast,occasional,1,69780.0,125.0,191.0,26376.23
55,female,32.0,2,no,northeast,,2,81355.0,127.0,213.0,32469.02
43,male,22.4,0,,northwest,occasional,0,47293.0,95.0,236.0,23378.5
43,female,25.4,0,no,northeast,occasional,2,25838.0,119.0,169.0,26085.32
54,female,33.2,3,no,northeast,,1,17743.0,111.0,228.0,31885.71
47,female,34.8,2,no,southwest,,2,47355.0,130.0,151.0,35699.16
21,female,28.1,3,yes,southwest,occasional,0,58579.0,118.0,199.0,29097.87
31,female,28.8,1,no,southeast,occasional,0,50648.0,121.0,187.0,21715.69
26,male,33.1,0,yes,southeast,occasional,1,46968.0,111.0,197.0,38693.29
52,female,29.3,3,no,southwest,none,2,74494.0,148.0,160.0,36057.67
19,male,20.7,0,no,southwest,occasional,3,72182.0,103.0,210.0,20023.72
27,male,23.6,0,no,southeast,occasional,0,66391.0,116.0,251.0,25563.67
46,male,29.9,3,no,northeast,occasional,0,,124.0,161.0,28468.21
50,male,35.8,2,no,southeast,occasional,0,47561.0,118.0,202.0,24907.71
41,female,38.2,3,no,southwest,occasional,1,37920.0,111.0,225.0,27425.22
58,male,33.2,0,no,northwest,occasional,2,50509.0,95.0,185.0,33177.22
61,female,30.2,4,yes,northwest,none,1,48991.0,112.0,,46214.53
24,female,33.0,1,no,northwest,none,0,16872.0,108.0,180.0,23053.75
62,female,24.5,2,no,northwest,occasional,3,49997.0,147.0,191.0,33809.81
46,female,27.6,3,no,southeast,none,0,86307.0,156.0,160.0,25149.51
47,male,23.6,0,no,northwest,,0,79619.0,121.0,199.0,22216.43
22,male,21.0,2,yes,southwest,none,1,73554.0,,195.0,34831.99
47,female,30.5,1,no,southwest,none,0,64896.0,133.0,217.0,23388.92
52,female,29.6,2,no,northeast,regular,1,93876.0,107.0,173.0,30784.1
45,female,32.6,3,no,southwest,none,1,38676.0,114.0,171.0,32310.28
21,male,31.8,2,no,southwest,none,0,40774.0,113.0,211.0,20974.81
42,male,30.0,0,yes,southeast,regular,0,86734.0,114.0,,35697.29
61,male,31.8,0,yes,southeast,regular,0,62607.0,117.0,217.0,45413.47
52,male,28.2,4,yes,southwest,none,1,47234.0,102.0,260.0,44631.07
24,male,31.0,4,no,northwest,regular,0,74142.0,111.0,214.0,17788.17
63,female,24.1,4,yes,northeast,none,0,52354.0,137.0,,49534.69
63,male,30.7,0,no,northwest,regular,0,43574.0,,219.0,27510.99
25,female,32.5,0,yes,northwest,none,1,42962.0,124.0,247.0,35725.42
55,female,24.5,2,no,southeast,occasional,0,69074.0,90.0,238.0,27977.82
37,female,28.8,2,no,northeast,none,0,66528.0,136.0,157.0,24661.62
45,male,24.8,0,no,southeast,occasional,0,95368.0,112.0,223.0,27381.14
38,male,25.3,1,no,northwest,none,0,55618.0,139.0,204.0,22826.38
54,female,21.8,0,no,southwest,occasional,0,55243.0,124.0,188.0,23907.12
64,male,36.1,1,no,southeast,occasional,0,93672.0,114.0,,32806.81
55,female,34.9,0,no,southwest,none,1,83684.0,97.0,141.0,31303.2
61,female,,0,no,southwest,regular,0,65188.0,155.0,182.0,30036.33
62,male,40.3,0,no,northeast,occasional,0,27658.0,134.0,144.0,33763.66
22,female,27.4,3,yes,southeast,none,3,44139.0,135.0,183.0,41649.6
29,male,46.7,2,no,northeast,none,0,38810.0,149.0,220.0,29219.5
51,male,27.1,3,no,southwest,none,0,62802.0,125.0,175.0,29739.68
45,female,30.0,1,no,southeast,none,0,50816.0,142.0,198.0,26955.96
20,female,26.1,0,no,northwest,occasional,0,97264.0,115.0,158.0,18396.51
22,male,30.7,0,no,northwest,occasional,0,27428.0,133.0,205.0,23087.36
42,female,33.5,1,yes,northwest,occasional,2,36451.0,113.0,213.0,43026.61
46,female,27.8,0,no,southwest,occasional,0,67382.0,114.0,145.0,29140.34
25,female,39.2,2,no,southwest,regular,1,73472.0,123.0,169.0,23273.36
26,male,29.9,2,no,northeast,none,3,15000.0,103.0,151.0,25924.15
24,male,30.1,3,yes,northwest,occasional,0,23821.0,127.0,213.0,37171.7
44,female,23.0,0,no,northwest,regular,1,,117.0,201.0,24474.63
18,female,31.0,1,no,southeast,none,0,91833.0,92.0,193.0,20026.66
44,female,27.7,0,no,northeast,occasional,0,103531.0,115.0,191.0,26028.03
40,male,24.9,0,no,northwest,regular,2,,117.0,206.0,25668.26
39,male,23.8,2,no,southwest,occasional,0,58246.0,135.0,207.0,27576.65
49,female,44.5,1,no,northwest,regular,3,43589.0,126.0,178.0,36177.55
42,male,26.9,2,no,southeast,none,1,75931.0,144.0,173.0,26022.39
52,male,19.8,0,no,southeast,occasional,0,95628.0,130.0,193.0,22957.73
53,female,24.3,5,,northwest,none,0,89632.0,114.0,188.0,29195.39
61,female,28.2,5,no,southeast,none,1,61362.0,121.0,267.0,36566.65
55,male,31.8,1,no,northwest,regular,0,43552.0,117.0,182.0,28119.04
42,male,31.8,3,no,northwest,none,0,62180.0,129.0,205.0,25752.37
41,male,32.6,0,yes,southwest,regular,0,92377.0,123.0,211.0,41202.52
29,female,24.6,2,yes,southwest,occasional,0,53189.0,113.0,244.0,38783.62
46,male,30.5,3,no,southeast,regular,3,22061.0,122.0,167.0,32338.05
24,female,23.2,2,no,northeast,regular,0,54080.0,129.0,242.0,22861.01
61,male,24.8,2,no,northeast,occasional,0,55861.0,107.0,190.0,30443.32
57,female,,1,no,northeast,regular,1,21931.0,127.0,283.0,34184.39
23,female,21.4,2,no,southwest,regular,1,67105.0,98.0,208.0,19340.4
54,female,34.9,2,no,southwest,occasional,2,73132.0,139.0,152.0,33990.0
23,female,32.6,0,no,southeast,occasional,2,102918.0,130.0,188.0,26682.61
51,female,34.4,0,yes,southwest,none,0,32688.0,146.0,242.0,44112.36
22,male,28.7,2,no,northeast,none,0,78071.0,105.0,198.0,21693.37
40,female,33.2,1,no,southeast,none,1,83270.0,139.0,193.0,32122.5
48,female,17.9,1,no,northeast,occasional,0,73432.0,136.0,220.0,25187.2
52,female,33.7,3,,northwest,none,1,39850.0,119.0,183.0,32210.49
37,male,29.6,1,yes,southwest,occasional,0,38572.0,116.0,188.0,38013.63
61,female,32.3,0,no,southwest,occasional,2,64138.0,106.0,162.0,34747.34
54,male,30.8,0,no,northeast,occasional,1,63984.0,102.0,256.0,32107.85
27,female,22.6,1,no,northwest,regular,1,49692.0,,152.0,20370.37
49,female,,2,no,southeast,regular,0,90416.0,103.0,201.0,23650.1
52,male,24.2,1,no,northeast,regular,3,53183.0,146.0,212.0,29721.27
33,female,31.9,1,no,southeast,occasional,1,20339.0,99.0,195.0,24004.31
52,female,32.6,2,yes,southeast,none,1,,124.0,151.0,47166.28
60,male,20.3,2,no,northwest,regular,1,72566.0,129.0,160.0,29078.95
56,male,,2,no,northwest,none,0,69523.0,127.0,213.0,29166.17
53,male,24.2,0,no,northeast,none,0,69353.0,129.0,168.0,24870.11
47,female,26.4,2,no,southwest,none,0,94868.0,136.0,122.0,25208.96
30,female,20.3,1,no,northwest,occasional,1,37475.0,115.0,209.0,17954.69
55,female,20.0,0,no,southeast,occasional,1,,123.0,164.0,23455.14
35,female,23.6,2,yes,northwest,none,0,95991.0,118.0,217.0,36162.29
43,female,29.0,2,no,southeast,regular,3,18718.0,142.0,188.0,34254.07
32,male,21.4,1,no,northeast,none,0,60819.0,153.0,186.0,21562.29
32,male,,2,no,northeast,none,1,89036.0,104.0,197.0,29059.75
25,male,34.9,0,no,southeast,none,0,88708.0,92.0,155.0,21619.14
63,male,20.7,0,no,southeast,none,0,76523.0,131.0,166.0,27971.59
24,female,27.3,0,no,northwest,regular,0,77080.0,138.0,186.0,15953.46
22,male,34.6,0,no,northwest,none,1,39097.0,151.0,155.0,23045.68
61,male,26.0,2,yes,southwest,none,1,92210.0,133.0,220.0,43414.3
44,male,25.1,3,no,northeast,none,0,35599.0,143.0,184.0,23073.86
38,male,35.5,2,yes,northeast,regular,0,36911.0,147.0,144.0,37836.91
52,male,26.7,0,no,northwest,,1,70533.0,,175.0,27161.47
36,male,35.1,0,no,northwest,occasional,0,51154.0,135.0,199.0,23344.63
24,female,31.1,0,no,southeast,occasional,1,66547.0,103.0,179.0,21000.09
52,male,26.4,2,no,southeast,regular,0,71477.0,122.0,209.0,27521.81
26,male,31.4,0,no,southeast,none,2,101118.0,127.0,215.0,22998.17
43,male,30.4,1,no,southeast,none,1,71542.0,121.0,,30041.11
62,female,34.6,2,no,northwest,occasional,0,48392.0,121.0,235.0,34458.2
61,female,25.2,2,yes,southwest,none,1,76883.0,146.0,138.0,46943.5
34,female,28.7,0,no,northeast,occasional,0,43701.0,111.0,182.0,23179.64
54,female,,0,yes,northwest,occasional,2,82089.0,134.0,186.0,44561.84
46,female,32.7,1,no,southeast,none,1,63422.0,127.0,215.0,29306.09
40,female,22.3,1,no,northwest,occasional,0,70812.0,109.0,162.0,20763.56
24,male,34.6,0,no,northeast,occasional,1,22826.0,106.0,176.0,26926.32
35,female,31.3,3,no,northwest,none,0,15000.0,96.0,,24973.75
48,male,20.6,1,yes,southeast,regular,2,28969.0,129.0,174.0,39900.98
64,male,35.7,1,no,northeast,occasional,2,100407.0,121.0,175.0,37488.5
18,female,41.9,0,no,southeast,none,1,36741.0,,184.0,25594.43
51,male,34.5,0,yes,southwest,none,0,78111.0,94.0,153.0,43034.3
57,male,37.1,0,no,southeast,none,1,47878.0,128.0,229.0,34236.71
62,female,29.0,0,no,northwest,none,0,56719.0,119.0,212.0,29316.26
37,male,18.5,1,no,southwest,none,0,61016.0,111.0,144.0,21910.14
23,male,17.4,1,no,northeast,none,2,98163.0,108.0,196.0,16197.58
30,female,30.0,3,no,southwest,regular,0,74859.0,118.0,140.0,22099.49
57,female,24.9,4,no,southeast,regular,0,70471.0,129.0,242.0,27916.26
59,male,23.0,0,yes,northeast,regular,0,90527.0,117.0,251.0,35869.42
47,female,28.1,0,yes,southwest,occasional,3,48070.0,104.0,,42321.58
23,female,32.2,2,yes,southeast,occasional,2,85504.0,121.0,165.0,39521.68
23,male,,5,no,northwest,occasional,0,81829.0,138.0,172.0,18636.94
40,male,25.8,3,no,northwest,regular,0,81578.0,123.0,179.0,24325.7
45,male,37.6,0,no,southeast,occasional,1,58590.0,123.0,191.0,32082.28
19,male,22.0,0,yes,southeast,occasional,0,52379.0,117.0,243.0,27168.71
50,male,33.7,0,no,southwest,regular,3,42864.0,109.0,228.0,33657.05
43,male,25.6,2,,northwest,occasional,2,44242.0,108.0,229.0,29736.83
18,male,31.8,1,no,southeast,none,1,41826.0,97.0,201.0,22944.33
22,male,35.1,1,yes,southeast,none,0,70071.0,140.0,155.0,38658.09
39,male,32.9,1,no,southeast,occasional,1,56977.0,129.0,168.0,23221.55
51,male,34.0,0,yes,southeast,none,3,,123.0,197.0,47724.56
56,male,21.6,1,yes,northwest,none,0,72733.0,126.0,153.0,42376.37
38,male,35.2,0,no,southwest,none,2,38685.0,127.0,,29665.9
31,female,23.4,1,no,northwest,none,0,38025.0,111.0,223.0,25843.73
63,male,30.1,2,no,northeast,regular,3,56969.0,117.0,214.0,33388.59
39,female,30.0,2,no,southeast,occasional,1,44947.0,115.0,213.0,30777.51
32,female,31.4,0,no,northwest,none,0,42631.0,160.0,130.0,21861.92
38,female,30.5,2,yes,northeast,occasional,0,99305.0,137.0,242.0,41967.14
18,female,23.4,2,no,northeast,none,0,28266.0,125.0,140.0,17153.09
32,male,20.4,0,no,southeast,occasional,0,106507.0,,190.0,19708.46
42,female,33.7,0,yes,southwest,occasional,2,68355.0,141.0,217.0,46077.78
61,male,29.6,1,no,northwest,none,0,83697.0,101.0,208.0,28748.83
52,male,35.4,0,no,northeast,occasional,3,81103.0,119.0,150.0,35952.02
54,male,28.2,0,no,southwest,none,0,75573.0,122.0,157.0,26652.79
43,male,20.1,0,no,northwest,occasional,1,,,205.0,23748.47
23,male,34.3,0,no,southwest,regular,3,38187.0,119.0,,20354.87
36,male,26.3,1,no,southeast,regular,1,58560.0,121.0,156.0,22471.62
64,female,30.6,1,no,northeast,none,2,43237.0,115.0,,38766.84
20,female,24.6,0,no,southeast,occasional,3,,138.0,,24617.55
59,male,38.4,2,no,northwest,regular,1,47453.0,100.0,217.0,35359.59
50,female,23.2,0,no,southwest,regular,1,103196.0,116.0,164.0,24590.51
31,male,26.5,0,no,northeast,none,0,58184.0,94.0,,24910.07
54,male,29.1,0,no,southwest,occasional,0,105637.0,107.0,192.0,27318.02
57,female,21.9,2,,southwest,none,0,107888.0,127.0,236.0,39926.23
20,female,30.5,4,no,southwest,none,1,127893.0,127.0,203.0,25595.74
23,male,38.2,1,yes,southwest,occasional,1,103921.0,117.0,174.0,41195.03
49,male,25.6,0,,northeast,occasional,1,,139.0,208.0,28798.58
64,male,30.9,0,no,southeast,none,2,69154.0,142.0,270.0,36266.93
19,male,15.0,0,no,southwest,regular,0,,121.0,221.0,13552.15
49,male,,3,no,northwest,occasional,3,68486.0,126.0,193.0,35822.37
24,female,26.6,0,no,northeast,regular,0,62001.0,115.0,166.0,18720.61
48,female,23.6,4,no,northwest,regular,0,65293.0,131.0,173.0,21375.75
47,male,35.0,1,no,northwest,regular,1,78548.0,,219.0,27321.53
22,female,26.5,1,no,southwest,regular,0,51752.0,,164.0,16481.41
49,male,27.4,3,no,northwest,none,1,31692.0,139.0,195.0,28352.72
60,male,26.2,0,yes,southeast,none,1,70000.0,104.0,245.0,40659.17
58,male,,2,no,southwest,regular,1,46758.0,110.0,200.0,30122.24
19,female,21.7,0,no,northwest,none,0,49036.0,128.0,157.0,14313.02
29,female,34.3,3,no,southwest,occasional,0,58859.0,117.0,271.0,23260.88
29,female,15.8,1,no,northeast,occasional,0,53813.0,,257.0,14017.99
39,male,23.9,0,no,northeast,none,0,86421.0,117.0,213.0,24887.46
24,female,26.1,2,no,northeast,none,0,58332.0,145.0,240.0,21770.77
58,male,39.0,0,yes,northwest,occasional,0,87530.0,122.0,186.0,45525.87
54,male,33.1,0,no,northwest,occasional,2,66532.0,158.0,220.0,32758.27
55,female,,2,no,northwest,occasional,2,60052.0,131.0,180.0,32107.96
27,male,36.3,1,no,northwest,none,1,65481.0,102.0,148.0,23805.03
18,female,24.1,3,no,northeast,occasional,0,33584.0,153.0,286.0,15884.08
60,female,34.6,1,yes,southeast,none,1,69438.0,138.0,146.0,45918.87
31,female,20.3,1,no,northeast,occasional,0,80682.0,128.0,205.0,16494.63
48,male,34.9,0,no,southwest,none,0,83799.0,132.0,205.0,29450.5
60,male,26.1,0,no,southwest,none,0,32252.0,104.0,213.0,30661.03
19,female,22.3,4,no,southeast,regular,2,28582.0,95.0,,24135.44
18,female,27.2,0,no,southeast,none,1,,121.0,192.0,17190.47
18,female,30.2,1,no,southeast,occasional,0,92463.0,143.0,200.0,21278.74
25,female,25.5,0,no,southeast,none,1,66861.0,128.0,212.0,21008.4
20,male,31.8,0,yes,southwest,none,3,44957.0,148.0,195.0,47511.78
56,male,25.0,1,no,southwest,none,0,30035.0,142.0,193.0,31309.68
46,female,32.2,2,no,northwest,regular,1,46952.0,122.0,149.0,31264.36
64,male,31.2,2,no,southeast,occasional,0,45466.0,140.0,265.0,35261.5
55,female,28.1,3,,southwest,none,0,82584.0,145.0,214.0,31014.82
63,male,25.9,0,yes,northeast,occasional,2,84276.0,121.0,202.0,45569.21
29,female,29.4,1,no,southeast,occasional,0,38902.0,119.0,173.0,20436.89
31,female,31.8,0,no,southeast,regular,1,78570.0,124.0,160.0,21610.49
57,male,40.9,2,no,southeast,regular,0,76317.0,90.0,225.0,33684.4
29,male,87.63782940993042,0,no,northwest,occasional,1,36047.0,126.0,189.0,27895.7
20,female,34.4,1,no,northwest,occasional,1,60156.0,133.0,217.0,22414.4
49,male,47.0,0,,northeast,none,2,69498.0,124.0,148.0,34907.84
55,female,31.6,2,no,southeast,regular,1,65591.0,127.0,249.0,28482.93
63,female,31.4,2,no,southwest,occasional,1,24368.0,121.0,227.0,34281.85
61,female,32.7,3,no,southwest,none,0,64886.0,92.0,192.0,34569.84
23,male,22.4,0,no,northwest,regular,0,75998.0,147.0,211.0,19579.53
54,female,25.8,5,yes,northwest,regular,1,96751.0,116.0,,46355.56
57,male,25.5,0,yes,southwest,occasional,0,47287.0,113.0,148.0,40682.75
50,female,32.4,0,no,southeast,none,0,50000.0,142.0,254.0,30344.42
56,female,27.5,0,no,southeast,occasional,3,57405.0,137.0,212.0,36903.33
57,male,29.3,0,no,northwest,regular,0,68407.0,126.0,170.0,24333.24
38,male,35.0,1,no,northeast,occasional,0,64134.0,134.0,157.0,24789.61
19,male,33.7,0,no,southwest,none,2,75295.0,105.0,230.0,28395.69
39,female,27.5,0,no,southeast,none,1,37246.0,121.0,202.0,24071.88
27,male,24.5,1,no,northwest,none,1,70731.0,141.0,212.0,22506.27
23,male,35.3,2,yes,southwest,none,0,,112.0,196.0,39218.24
23,female,33.1,2,no,southeast,regular,0,,107.0,160.0,20719.55
50,female,18.9,1,no,southwest,none,1,99576.0,123.0,213.0,28674.41
41,female,26.6,0,no,northwest,occasional,0,31239.0,124.0,188.0,26390.54
43,female,29.5,2,no,northwest,regular,1,55852.0,132.0,194.0,27706.85
53,female,33.2,0,no,southwest,occasional,0,33958.0,101.0,278.0,32239.31
43,female,34.0,0,yes,southwest,none,0,65367.0,90.0,225.0,39210.45
47,male,30.2,0,no,southwest,regular,0,85061.0,136.0,227.0,25236.17
22,female,32.0,2,no,southwest,none,0,65732.0,106.0,290.0,28170.49
58,female,28.9,0,yes,northwest,regular,0,59432.0,113.0,208.0,45551.72
39,female,24.5,1,no,northeast,none,1,91225.0,90.0,199.0,21946.83
25,female,26.9,0,no,northwest,occasional,1,69271.0,137.0,171.0,20823.84
56,female,28.6,1,yes,southwest,occasional,0,80030.0,,179.0,42237.24
52,male,28.3,1,yes,northwest,occasional,1,77736.0,127.0,123.0,42730.41
20,female,17.2,0,no,southeast,occasional,0,15000.0,127.0,223.0,18606.89
27,female,26.1,1,yes,southwest,none,0,60313.0,91.0,151.0,37308.9
18,male,28.8,1,yes,southwest,occasional,2,38282.0,107.0,227.0,36615.19
30,female,26.8,1,no,southwest,none,1,,115.0,193.0,25967.35
22,male,27.0,0,no,southeast,regular,1,94441.0,111.0,199.0,21066.27
51,female,31.4,2,no,southeast,occasional,0,53754.0,118.0,194.0,28691.5
42,female,22.0,0,no,southwest,occasional,0,103637.0,126.0,244.0,18627.5
64,male,18.7,0,no,northeast,none,1,31031.0,137.0,237.0,32726.52
53,male,26.4,0,no,northeast,occasional,1,38159.0,100.0,194.0,29285.79
46,female,33.1,1,no,southwest,occasional,1,78772.0,122.0,164.0,29286.01
41,male,38.6,0,no,southeast,none,3,54490.0,133.0,227.0,32906.26
20,female,33.2,2,no,southeast,occasional,0,68761.0,108.0,161.0,25013.06
21,male,19.7,0,no,northeast,none,1,59529.0,119.0,141.0,18342.32
46,female,27.1,2,no,southeast,none,1,58863.0,129.0,212.0,26763.52
18,female,30.0,0,no,southwest,occasional,0,55307.0,122.0,238.0,16119.67
19,female,29.6,1,no,southeast,none,0,65949.0,132.0,181.0,21953.64
28,male,31.7,2,no,northwest,none,1,76116.0,123.0,209.0,26861.49
59,female,23.0,0,no,southeast,occasional,0,97517.0,117.0,180.0,25550.31
39,male,28.9,0,no,southwest,occasional,1,57545.0,104.0,220.0,26226.6
51,male,31.0,1,no,southwest,none,1,,126.0,233.0,32514.37
37,male,33.5,5,,northwest,none,0,,123.0,186.0,42355.81
26,female,23.7,4,no,southeast,occasional,0,94335.0,107.0,159.0,18267.71
35,female,26.4,0,no,northwest,occasional,1,77187.0,131.0,144.0,24805.24
22,male,15.0,2,no,northwest,occasional,0,20221.0,141.0,227.0,18011.9
54,male,24.8,0,no,northeast,occasional,2,19251.0,112.0,155.0,30607.89
26,female,25.4,0,no,southeast,regular,0,43739.0,111.0,208.0,16710.83
35,male,22.4,2,no,southeast,regular,3,67063.0,111.0,222.0,23654.48
64,male,29.5,1,yes,northwest,none,0,61264.0,97.0,177.0,44720.3
45,female,28.2,1,yes,northwest,none,0,,152.0,189.0,42522.76
39,male,15.0,2,no,northeast,none,1,58140.0,115.0,230.0,25411.26
43,female,29.8,0,no,northeast,none,0,92743.0,109.0,167.0,26447.67
54,female,22.9,2,no,southeast,occasional,0,78986.0,105.0,163.0,24801.06
29,male,31.4,0,no,northeast,regular,0,63707.0,,187.0,19116.92
47,male,20.8,0,no,northeast,none,1,87197.0,112.0,240.0,26095.1
59,female,28.7,0,yes,southwest,none,1,25724.0,144.0,251.0,46648.86
44,female,26.8,4,no,northwest,occasional,0,60128.0,103.0,192.0,27701.54
38,female,,1,no,southwest,regular,0,65025.0,99.0,170.0,21214.53
24,male,29.2,0,no,southeast,none,0,75245.0,130.0,232.0,20882.39
29,female,27.0,2,no,southeast,regular,3,24266.0,120.0,137.0,30316.92
62,female,19.3,4,no,southeast,regular,0,56271.0,119.0,204.0,31053.6
43,male,19.6,3,no,northeast,occasional,1,70810.0,130.0,193.0,23105.64
32,female,25.0,1,no,southwest,occasional,0,72498.0,124.0,,24569.26
37,female,28.5,0,no,southwest,occasional,1,88095.0,121.0,244.0,22682.48
45,male,24.9,1,yes,northwest,none,3,78753.0,101.0,162.0,42282.06
43,male,72.85599338599272,2,no,southwest,occasional,0,60661.0,97.0,201.0,25307.82
50,female,26.8,3,no,southeast,none,1,76849.0,111.0,175.0,29515.9
30,male,22.7,2,yes,southwest,occasional,0,57570.0,106.0,185.0,34326.18
48,male,26.8,1,yes,southwest,regular,1,65229.0,126.0,217.0,40927.33
38,male,29.9,0,no,northeast,none,0,79486.0,95.0,183.0,25242.46
62,female,30.4,1,yes,southwest,occasional,0,61003.0,115.0,202.0,43491.94
25,male,39.8,0,no,southwest,none,0,69964.0,119.0,229.0,25574.43
24,female,24.5,0,no,southeast,none,0,83149.0,121.0,248.0,20325.13
39,female,28.1,1,no,northeast,occasional,3,77668.0,,205.0,26800.0
41,female,31.1,1,no,southwest,none,1,89136.0,117.0,199.0,28775.08
50,female,28.4,3,no,southeast,regular,0,113226.0,112.0,156.0,26352.42
36,male,25.5,2,no,northwest,none,0,77464.0,141.0,251.0,22745.54
60,male,19.2,3,no,southwest,regular,1,51852.0,117.0,212.0,27067.94
40,male,25.4,2,no,southeast,occasional,0,73260.0,143.0,200.0,23568.25
24,female,22.1,2,no,southwest,occasional,0,72314.0,117.0,198.0,17511.92
23,female,18.1,0,no,southeast,regular,1,75497.0,122.0,208.0,21182.72
63,male,23.7,1,no,northwest,occasional,0,94890.0,120.0,222.0,32870.0
24,female,22.2,0,no,southwest,none,0,24950.0,125.0,226.0,12784.91
62,female,32.0,0,no,southeast,regular,0,,116.0,251.0,31548.77
31,male,32.1,0,no,southeast,none,0,102709.0,123.0,203.0,25957.06
22,male,23.1,2,yes,northwest,none,1,74498.0,145.0,256.0,35103.64
32,male,26.9,2,no,northeast,occasional,1,75027.0,138.0,,26991.69
46,male,17.4,4,yes,southeast,,3,56684.0,138.0,193.0,46482.43
38,male,25.5,4,no,northwest,occasional,0,62139.0,102.0,137.0,19475.39
54,female,30.9,3,no,southwest,regular,1,77355.0,104.0,198.0,30160.86
46,female,,0,no,southwest,occasional,2,75938.0,125.0,250.0,35537.09
36,female,24.2,3,no,southwest,none,1,77856.0,134.0,168.0,22313.49
47,male,34.8,2,yes,northwest,none,3,75787.0,114.0,198.0,49032.34
63,female,19.4,3,no,southeast,none,3,81765.0,,201.0,33665.47
37,male,21.0,0,no,northeast,occasional,1,79306.0,143.0,228.0,25609.94
25,male,32.8,0,no,southwest,none,3,39464.0,132.0,181.0,30427.89
37,female,38.5,3,no,southeast,occasional,1,80310.0,138.0,165.0,30246.88
57,female,31.5,0,no,southwest,occasional,0,102889.0,115.0,215.0,28844.3
28,male,28.3,0,no,northwest,regular,2,61414.0,114.0,169.0,18808.22
62,male,15.3,1,yes,northwest,none,2,94989.0,136.0,131.0,44945.65
45,female,16.4,0,yes,southwest,none,0,41820.0,118.0,259.0,34604.75
46,female,29.3,0,no,southeast,regular,0,61345.0,,,24897.5
32,male,26.4,5,no,southwest,occasional,0,47895.0,108.0,,25911.94
61,female,21.9,3,no,southwest,occasional,2,92343.0,114.0,226.0,32378.35
19,female,,3,yes,southeast,occasional,0,98090.0,135.0,219.0,37064.09
32,male,29.2,0,no,northwest,regular,0,59818.0,99.0,208.0,21666.23
37,female,34.2,0,yes,southeast,none,0,87763.0,131.0,188.0,41152.28
40,female,29.3,1,no,southwest,regular,0,,111.0,213.0,23855.72
40,female,35.9,1,yes,southwest,none,3,61276.0,119.0,176.0,44983.8
24,male,28.5,0,yes,northwest,regular,0,64855.0,120.0,158.0,31539.82
28,male,,2,no,southeast,none,0,78140.0,119.0,183.0,24704.34
22,female,34.9,5,no,northwest,none,0,43464.0,118.0,240.0,22881.14
44,female,22.6,1,no,southeast,none,1,64422.0,115.0,152.0,24010.7
34,male,,0,no,southwest,regular,1,109141.0,113.0,152.0,25748.26
44,female,30.8,0,no,southwest,regular,0,51000.0,142.0,216.0,25473.44
45,female,30.8,0,no,northwest,none,0,80784.0,122.0,180.0,29113.43
50,male,31.7,0,no,northwest,none,2,73524.0,120.0,212.0,33045.66
43,female,39.8,1,no,northwest,none,1,58397.0,112.0,230.0,26738.09
48,male,33.3,1,no,northeast,none,1,66876.0,116.0,211.0,32307.47
45,male,18.9,1,no,northwest,regular,0,100558.0,112.0,,19292.17
48,male,36.9,3,no,southwest,,3,74179.0,133.0,,38335.93
46,male,26.5,0,no,northwest,regular,1,77616.0,111.0,221.0,24936.64
32,female,29.1,0,no,northwest,regular,0,97219.0,90.0,196.0,17896.12
29,male,20.8,0,yes,southeast,none,3,55633.0,123.0,194.0,38481.23
55,female,31.7,0,no,northeast,occasional,2,38968.0,118.0,208.0,31783.89
34,male,24.6,1,no,northwest,regular,1,100904.0,113.0,184.0,22149.36
43,female,29.1,2,no,southwest,regular,1,65003.0,136.0,138.0,23933.78
27,male,26.8,3,no,northeast,occasional,0,81659.0,90.0,221.0,18509.87
38,female,40.1,1,no,northwest,none,0,45229.0,146.0,219.0,30711.66
42,female,40.4,0,no,southeast,none,0,70548.0,138.0,120.0,31219.25
47,female,28.8,0,no,northeast,regular,1,37867.0,113.0,213.0,28169.66
42,male,28.9,0,no,northwest,occasional,0,63402.0,115.0,256.0,23269.09
34,male,26.3,0,no,northeast,occasional,0,47746.0,130.0,156.0,19636.86
63,male,35.1,3,no,northwest,occasional,2,42692.0,130.0,192.0,35414.76
42,male,26.5,1,no,southwest,occasional,0,,112.0,189.0,25447.54
55,male,26.0,0,no,northwest,none,1,15000.0,98.0,253.0,27787.89
52,female,34.4,0,no,northwest,occasional,0,36482.0,,234.0,31718.96
44,male,25.3,0,no,northwest,regular,0,,136.0,164.0,23594.33
59,male,28.3,3,no,southwest,none,0,69649.0,124.0,207.0,33477.4
24,male,19.0,0,no,northeast,none,0,38368.0,125.0,276.0,21079.46
61,female,32.7,0,no,southwest,regular,0,74053.0,131.0,173.0,30374.63
57,female,40.1,0,no,northwest,occasional,0,,133.0,195.0,28723.19
41,female,32.8,2,no,southwest,occasional,1,77883.0,91.0,213.0,28881.75
52,male,37.3,1,no,northwest,regular,0,59456.0,117.0,174.0,28848.22
42,male,23.4,1,yes,northeast,,0,54847.0,115.0,257.0,36639.45
30,female,29.9,0,no,southeast,regular,0,59997.0,120.0,178.0,23804.91
55,female,,0,no,northeast,regular,0,118310.0,134.0,146.0,23862.82
29,male,27.1,3,yes,southeast,none,0,45306.0,95.0,177.0,35109.99
32,male,33.1,0,no,southeast,occasional,0,66984.0,102.0,218.0,25914.99
42,male,29.1,0,no,southeast,none,1,79190.0,112.0,167.0,25998.04
57,female,,1,no,northeast,occasional,1,40827.0,124.0,,26688.81
36,male,20.6,0,yes,southeast,occasional,2,26926.0,134.0,215.0,35708.56
41,female,20.2,0,no,northwest,occasional,1,48776.0,146.0,153.0,20877.51
19,female,31.4,2,no,southwest,regular,0,,118.0,175.0,17096.51
23,female,,1,yes,southeast,occasional,0,54476.0,134.0,207.0,41426.4
20,female,36.7,0,no,southeast,regular,0,56916.0,133.0,220.0,19214.38
21,male,17.1,0,no,southwest,occasional,1,82037.0,130.0,,12377.61
58,female,37.0,2,no,southeast,occasional,0,44260.0,122.0,200.0,33304.07
57,male,34.1,0,no,southeast,none,0,60047.0,116.0,185.0,29536.12
56,male,19.2,0,yes,northeast,occasional,3,28695.0,106.0,220.0,43797.43
20,male,26.7,1,no,southeast,occasional,0,69056.0,105.0,213.0,21495.09
21,male,35.1,1,no,northwest,none,0,67049.0,127.0,182.0,22200.2
31,male,31.8,4,yes,northeast,regular,2,79502.0,121.0,212.0,45332.16
44,male,20.6,0,no,southwest,occasional,0,36804.0,116.0,181.0,21412.86
33,male,32.2,0,no,northeast,none,0,57778.0,132.0,211.0,26905.19
40,male,15.7,1,no,southeast,regular,0,33874.0,119.0,211.0,18350.16
26,male,27.2,1,no,northeast,none,0,56586.0,108.0,278.0,22336.58
52,male,35.3,0,,northwest,occasional,3,94599.0,,183.0,31989.07
32,female,28.6,1,no,southwest,occasional,1,54943.0,134.0,190.0,22260.99
21,male,25.5,0,yes,northeast,none,0,31950.0,107.0,172.0,31659.93
52,male,33.8,3,no,southeast,occasional,0,47043.0,125.0,159.0,27057.05
60,male,34.3,2,no,southeast,none,0,26559.0,121.0,179.0,33234.36
18,male,36.4,1,no,southwest,none,1,33493.0,111.0,218.0,23339.96
38,female,33.7,4,no,northeast,occasional,0,76762.0,118.0,,27767.03
56,female,35.0,4,no,southwest,none,0,30182.0,98.0,205.0,29416.25
51,female,32.9,0,no,northwest,regular,1,68871.0,124.0,185.0,30077.33
58,female,30.1,0,no,northwest,occasional,2,62566.0,102.0,178.0,35344.49
37,male,29.0,1,yes,northwest,none,2,50306.0,138.0,163.0,45272.15
35,female,27.1,0,yes,northwest,regular,2,67002.0,121.0,176.0,42324.59
51,male,21.2,0,no,southeast,occasional,0,41371.0,113.0,150.0,23726.86
25,female,22.8,0,no,northeast,occasional,1,80499.0,139.0,243.0,20189.88
29,male,26.8,4,yes,northwest,occasional,2,46637.0,107.0,259.0,41305.14
46,female,29.9,0,yes,southeast,regular,0,53500.0,111.0,127.0,37668.92
49,male,37.1,2,no,southeast,none,0,50882.0,95.0,205.0,26896.51
23,female,28.2,0,no,northeast,none,0,77168.0,142.0,205.0,22640.79
41,male,34.5,0,no,northwest,regular,3,73978.0,150.0,,30601.4
35,female,35.0,3,yes,northwest,none,2,15000.0,97.0,174.0,41196.82
41,female,27.1,0,no,southeast,occasional,1,67593.0,110.0,231.0,24834.41
63,female,32.1,0,no,southwest,occasional,0,23619.0,123.0,209.0,30450.87
21,male,27.0,0,no,southeast,occasional,3,54491.0,114.0,231.0,24785.07
64,male,36.4,2,yes,southeast,regular,0,59620.0,122.0,169.0,47395.98
39,female,32.3,0,no,northeast,regular,0,,120.0,147.0,26319.82
54,male,21.4,0,no,southwest,none,1,73018.0,128.0,210.0,24875.14
37,male,29.5,0,yes,northwest,occasional,1,77842.0,108.0,161.0,37803.91
32,male,38.4,0,no,northwest,occasional,2,44984.0,,232.0,27200.34
54,male,27.4,0,no,northeast,none,0,44184.0,105.0,121.0,29376.83
50,male,31.2,1,no,northeast,regular,0,61209.0,116.0,179.0,25315.96
24,male,31.8,0,no,southwest,occasional,0,28038.0,96.0,173.0,18997.42
51,female,22.3,0,no,northwest,none,0,51506.0,116.0,183.0,27004.31
53,female,,1,no,northwest,regular,2,91658.0,113.0,204.0,33828.87
36,male,20.1,2,yes,northeast,regular,0,28861.0,136.0,209.0,37225.33
61,male,24.7,0,no,southwest,none,0,54517.0,121.0,217.0,25120.08
48,male,,0,yes,southwest,regular,0,48969.0,124.0,,42978.54
33,female,30.6,0,no,southwest,none,1,106116.0,122.0,189.0,25518.79
18,male,26.7,4,no,southwest,none,2,50167.0,90.0,269.0,24120.63
49,female,31.2,0,no,southwest,none,0,51444.0,92.0,244.0,27783.67
27,female,28.1,0,no,northwest,regular,0,39323.0,117.0,184.0,21660.41
53,female,28.6,1,yes,northeast,none,2,62205.0,126.0,190.0,48761.08
42,male,32.4,0,no,northwest,none,1,,118.0,183.0,29685.43
39,female,24.1,0,no,northwest,occasional,0,42512.0,109.0,208.0,22034.16
25,female,28.7,0,yes,southeast,occasional,0,,118.0,161.0,38726.29
51,female,26.6,1,no,northeast,none,3,67963.0,117.0,167.0,31687.78
25,female,19.0,1,no,northeast,none,1,80742.0,134.0,120.0,15664.92
37,female,23.0,1,no,southeast,regular,0,54781.0,133.0,181.0,20492.34
57,male,37.9,2,no,northeast,occasional,0,67350.0,114.0,232.0,32794.62
61,female,30.8,0,no,northeast,regular,0,57312.0,121.0,190.0,31886.76
64,female,20.6,3,no,northeast,none,0,94069.0,126.0,192.0,28423.57
63,male,19.3,2,no,southeast,occasional,0,64558.0,128.0,205.0,29095.47
44,male,27.8,2,no,northeast,regular,0,62193.0,147.0,160.0,21507.29
27,female,37.9,2,no,northeast,none,0,51919.0,122.0,196.0,28030.44
57,male,27.4,0,no,northeast,none,0,50649.0,140.0,226.0,29742.71
55,male,36.3,0,yes,southeast,occasional,0,67230.0,105.0,206.0,44441.86
64,female,84.09749566100575,1,no,northeast,none,0,80031.0,112.0,229.0,36943.51
48,female,31.3,0,no,northeast,none,1,46940.0,90.0,239.0,31974.04
24,female,20.5,1,yes,southwest,regular,0,64785.0,124.0,218.0,27648.21
41,male,34.1,0,no,southwest,occasional,2,66052.0,132.0,170.0,29028.13
39,male,26.5,0,no,northeast,,2,69884.0,90.0,183.0,31837.37
57,female,33.7,3,no,northwest,none,3,24435.0,125.0,263.0,43020.66
36,female,23.6,2,,northeast,occasional,0,41656.0,131.0,206.0,24593.89
33,male,29.6,1,no,southeast,occasional,0,31951.0,130.0,201.0,19441.69
21,male,30.6,0,no,northwest,regular,1,62723.0,104.0,165.0,22336.84
57,male,27.6,1,no,southwest,occasional,0,42179.0,134.0,192.0,26868.88
53,female,30.9,3,yes,southwest,regular,0,51083.0,122.0,220.0,45713.41
19,male,26.9,1,no,southeast,none,0,35726.0,131.0,196.0,18264.23
38,female,24.6,1,no,northeast,occasional,1,53129.0,120.0,177.0,25214.91
40,male,38.1,1,no,southwest,regular,1,37270.0,128.0,185.0,26882.3
40,female,34.8,0,no,southeast,occasional,0,78674.0,139.0,237.0,26294.09
61,male,23.9,2,no,southwest,occasional,2,,119.0,,33589.66
25,female,31.9,5,yes,northeast,regular,1,65305.0,126.0,214.0,36397.2
32,female,24.0,1,no,southeast,regular,0,55357.0,,210.0,25939.89
26,male,21.4,0,no,southwest,none,0,17171.0,120.0,154.0,15673.43
29,male,34.7,1,yes,southwest,none,0,51919.0,105.0,205.0,36185.39
60,female,18.3,1,yes,southeast,occasional,2,45248.0,132.0,232.0,45295.3
62,female,34.1,5,no,southeast,regular,1,67440.0,144.0,186.0,38148.51
20,female,27.0,2,no,northwest,occasional,1,75634.0,141.0,229.0,20733.32
47,female,27.2,0,no,southeast,none,1,,133.0,214.0,26321.2
28,female,31.0,0,no,southwest,occasional,0,89787.0,90.0,224.0,18807.62
27,female,32.0,1,no,southeast,none,2,49497.0,112.0,197.0,24702.97
31,male,23.5,0,yes,northeast,none,2,48585.0,113.0,226.0,39143.66
27,female,,1,no,northeast,none,1,84833.0,123.0,144.0,24345.7
41,male,29.2,2,no,southeast,none,0,65657.0,147.0,196.0,27895.2
64,male,21.0,2,no,southwest,occasional,0,56566.0,106.0,220.0,28808.45
45,male,27.5,0,no,northeast,none,0,102623.0,156.0,205.0,28230.0
51,male,36.8,2,yes,northwest,none,0,74710.0,116.0,233.0,45102.28
41,male,38.6,2,no,southwest,occasional,1,57808.0,110.0,190.0,28063.72
18,female,32.8,0,no,southeast,none,1,46909.0,135.0,176.0,23132.21
21,male,21.4,1,yes,northeast,occasional,2,91183.0,136.0,138.0,33575.29
30,male,31.4,1,no,northwest,none,0,66554.0,132.0,185.0,23790.28
29,male,,2,no,northwest,none,0,62539.0,110.0,213.0,22565.08
57,female,32.9,0,no,northeast,occasional,0,76878.0,130.0,222.0,31594.37
57,female,33.2,0,yes,southeast,none,3,81362.0,106.0,146.0,47369.13
58,female,30.7,1,yes,southeast,none,1,74097.0,110.0,236.0,46229.77
47,male,28.1,0,no,southeast,none,0,81447.0,121.0,161.0,28513.1
44,female,24.8,0,no,southeast,none,1,71930.0,,191.0,23769.39
48,female,17.1,2,yes,northeast,none,1,74208.0,138.0,175.0,41152.7
37,male,30.5,0,no,northeast,none,0,45904.0,113.0,210.0,21647.37
49,female,29.6,1,,northeast,none,0,101828.0,119.0,198.0,38398.19
55,male,31.8,5,yes,northeast,none,0,34859.0,109.0,219.0,43337.07
53,female,20.5,1,no,southeast,regular,0,68806.0,138.0,260.0,25722.75
46,female,32.4,1,no,northeast,,1,32591.0,112.0,,31690.75
20,male,,1,no,southeast,none,0,59841.0,139.0,175.0,27464.34
52,female,29.0,0,no,northeast,occasional,1,49432.0,138.0,211.0,32280.59
35,male,28.1,0,no,northeast,none,1,64987.0,115.0,263.0,27928.99
52,male,30.4,2,no,northeast,regular,0,69519.0,122.0,218.0,26084.0
43,female,40.7,0,yes,southeast,none,3,40961.0,115.0,228.0,49275.05
59,female,22.4,0,yes,southeast,occasional,0,61353.0,130.0,139.0,41470.73
33,female,29.7,0,yes,southwest,regular,1,92661.0,119.0,209.0,40386.23
61,female,23.7,3,,northeast,none,0,33130.0,116.0,186.0,27507.97
57,male,25.2,0,no,southeast,none,1,43211.0,123.0,171.0,32676.95
33,female,28.2,2,yes,southwest,occasional,0,,98.0,194.0,31724.51
40,female,36.6,0,no,northwest,regular,0,63706.0,121.0,199.0,26095.01
42,female,39.3,1,no,northeast,occasional,0,65325.0,132.0,173.0,28188.32
54,female,31.2,0,yes,northeast,occasional,1,,124.0,202.0,44154.82
50,female,26.2,0,yes,northeast,none,1,,136.0,189.0,42644.68
58,female,43.5,1,yes,southwest,occasional,1,50575.0,116.0,220.0,49326.49
35,male,25.9,2,yes,northwest,none,0,47862.0,115.0,203.0,37883.92
41,male,25.1,0,no,southeast,occasional,1,54340.0,105.0,208.0,25027.11
38,male,17.9,1,yes,southwest,,1,91469.0,116.0,229.0,38016.81
60,female,36.9,1,no,northwest,occasional,0,24576.0,151.0,214.0,36344.55
32,female,34.3,0,no,southeast,none,0,35727.0,126.0,195.0,25360.31
45,male,43.0,1,no,northeast,occasional,0,31955.0,113.0,122.0,27640.0
23,female,20.2,0,no,southeast,occasional,1,92837.0,107.0,213.0,16094.27
57,female,37.2,1,no,northeast,regular,0,48483.0,98.0,163.0,33543.22
36,male,,0,no,northwest,regular,0,54813.0,110.0,192.0,24749.57
34,male,33.3,1,no,northwest,occasional,3,26478.0,133.0,208.0,32156.31
45,female,18.6,0,no,southeast,occasional,2,56228.0,116.0,242.0,79337.31
41,male,37.3,1,yes,southeast,none,0,81063.0,108.0,259.0,45845.11
57,female,33.2,1,no,southeast,regular,2,67565.0,109.0,163.0,35482.56
42,female,28.3,3,no,northeast,occasional,0,59627.0,132.0,149.0,23963.99
42,female,32.4,1,no,southwest,occasional,2,27573.0,121.0,206.0,29907.26
22,male,23.9,2,no,northeast,occasional,0,54785.0,113.0,203.0,16171.14
19,female,25.0,0,no,southwest,regular,0,65232.0,117.0,153.0,15016.14
36,male,25.7,0,no,southeast,regular,3,40180.0,,194.0,31080.68
64,male,,0,no,southeast,regular,0,76408.0,,216.0,28507.17
61,male,33.7,1,no,northwest,occasional,2,81472.0,144.0,152.0,34860.13
47,male,35.6,2,no,southeast,occasional,0,50370.0,96.0,160.0,22274.41
47,male,24.3,2,no,southeast,regular,0,77968.0,120.0,172.0,22600.38
36,female,30.6,1,no,northeast,occasional,3,59586.0,112.0,188.0,29646.95
26,male,26.9,1,yes,southwest,occasional,0,87237.0,130.0,219.0,33679.04
18,female,30.5,0,no,northeast,occasional,2,106751.0,138.0,184.0,22817.1
33,male,24.7,0,yes,southeast,occasional,2,37939.0,127.0,197.0,39269.94
32,male,23.2,2,no,southeast,occasional,0,78929.0,109.0,,20752.19
27,female,34.8,0,no,southwest,occasional,0,90709.0,,162.0,21469.6
30,female,28.1,0,no,northwest,regular,0,40645.0,131.0,172.0,19402.64
19,female,40.6,3,no,northeast,regular,0,49347.0,133.0,219.0,22236.57
46,female,28.8,4,no,southeast,occasional,0,49100.0,124.0,230.0,32255.54
61,male,22.9,1,no,northwest,none,0,59079.0,124.0,210.0,27404.48
50,male,35.9,0,no,southeast,occasional,1,54160.0,123.0,258.0,26998.1
39,female,,2,no,northwest,occasional,0,57638.0,126.0,206.0,29535.63
37,female,32.9,0,no,southwest,occasional,1,80436.0,133.0,126.0,23427.45
32,male,35.6,1,no,northwest,regular,0,20292.0,131.0,198.0,25696.63
24,male,24.6,0,no,northeast,none,0,40574.0,122.0,175.0,17657.75
46,female,27.7,3,yes,northwest,none,0,76738.0,121.0,243.0,42790.46
44,female,27.5,3,no,northeast,regular,0,74161.0,121.0,229.0,25375.43
18,male,20.8,1,no,northeast,regular,1,38712.0,110.0,139.0,18353.88
37,male,26.9,0,yes,northwest,occasional,0,74313.0,110.0,242.0,35842.6
31,female,36.5,1,no,southeast,none,1,91191.0,130.0,228.0,26840.53
26,male,29.9,0,yes,northwest,occasional,1,,111.0,184.0,36526.76
51,male,20.4,3,no,southeast,occasional,0,39825.0,134.0,192.0,25016.22
42,male,19.2,0,yes,southwest,occasional,2,81249.0,121.0,244.0,34174.82
47,female,38.5,0,no,southeast,none,3,99907.0,134.0,126.0,33664.07
51,male,,2,no,northwest,none,0,42505.0,132.0,211.0,34684.27
64,male,24.6,1,no,northeast,occasional,3,62864.0,135.0,233.0,31637.52
55,male,26.9,2,no,northeast,,0,85983.0,115.0,192.0,28335.38
47,female,,0,no,southeast,occasional,1,64538.0,128.0,218.0,24624.48
59,male,37.0,2,no,southeast,occasional,0,23559.0,133.0,199.0,37242.89
40,male,26.1,0,no,northeast,none,1,71755.0,99.0,168.0,22472.7
64,male,36.7,0,yes,northeast,occasional,2,40466.0,148.0,167.0,51856.0
53,female,28.8,1,yes,northwest,regular,3,34044.0,,220.0,48864.46
48,female,37.1,0,no,northwest,occasional,3,23990.0,136.0,173.0,33777.59
60,female,30.0,1,no,southwest,occasional,0,88189.0,134.0,142.0,27274.63
42,male,33.6,0,no,northeast,occasional,1,43636.0,131.0,199.0,28278.62
51,female,,0,no,northeast,regular,0,,117.0,177.0,26150.78
31,male,32.2,2,yes,northwest,occasional,0,74737.0,,153.0,36306.99
63,female,30.6,0,no,northeast,occasional,0,65560.0,136.0,198.0,32818.33
47,male,27.1,1,no,northeast,regular,2,68525.0,107.0,222.0,29453.39
54,female,40.0,2,no,northwest,none,1,70383.0,106.0,196.0,35438.36
39,female,23.1,0,no,northwest,occasional,0,65038.0,116.0,158.0,21329.5
58,male,28.5,2,no,northeast,occasional,3,45276.0,132.0,212.0,37742.63
21,female,28.6,0,yes,southeast,regular,1,43315.0,109.0,231.0,37481.11
23,male,30.9,0,no,southeast,occasional,0,59690.0,119.0,272.0,20927.47
41,male,25.9,0,no,northeast,none,0,59224.0,120.0,245.0,26596.94
52,male,30.4,2,no,southwest,regular,1,71445.0,107.0,160.0,25412.61
56,female,27.5,1,no,northwest,occasional,1,86236.0,90.0,225.0,24138.33
38,male,19.0,1,no,southwest,occasional,0,69566.0,107.0,204.0,23979.83
48,female,28.6,4,no,southwest,none,0,44161.0,126.0,155.0,27215.97
43,female,21.9,0,no,northwest,none,0,15000.0,129.0,205.0,23814.44
63,female,18.1,3,no,northeast,occasional,0,45083.0,129.0,262.0,26089.19
48,female,81.4424002606801,2,no,southwest,occasional,0,32421.0,131.0,237.0,24835.36
37,male,31.4,3,no,northwest,regular,0,45932.0,113.0,160.0,21924.8
63,female,,3,no,northeast,none,0,67330.0,109.0,195.0,34256.06
23,male,31.9,5,no,southeast,occasional,1,63857.0,128.0,212.0,24403.18
64,female,16.9,0,no,southeast,none,0,102880.0,119.0,134.0,25309.74
25,male,20.3,2,no,southwest,occasional,0,72628.0,136.0,136.0,15604.56
31,female,40.3,2,,southeast,none,0,104002.0,128.0,200.0,30231.73
56,female,22.2,1,no,southwest,occasional,3,77733.0,141.0,201.0,33923.83
52,female,32.2,0,yes,southeast,none,0,85886.0,115.0,131.0,41461.33
63,male,24.4,4,no,southeast,occasional,0,54104.0,138.0,209.0,32531.64
53,female,29.0,0,yes,southeast,none,0,,153.0,233.0,43320.03
47,male,24.7,1,no,southwest,regular,1,52123.0,123.0,187.0,24635.9
34,male,31.9,1,yes,southwest,none,0,61739.0,129.0,197.0,38906.68
18,male,29.3,0,no,southwest,occasional,0,48181.0,108.0,215.0,19560.39
23,female,25.8,2,no,southwest,occasional,2,39975.0,135.0,210.0,21584.26
31,female,,0,no,southeast,none,1,71170.0,139.0,137.0,23049.59
19,female,30.1,2,yes,northwest,none,0,39881.0,115.0,163.0,39595.68
41,male,21.2,3,no,southwest,none,0,28263.0,131.0,181.0,24108.81
54,male,31.1,0,no,northeast,occasional,3,37314.0,126.0,165.0,33855.32
63,female,,2,no,northeast,regular,3,56844.0,128.0,246.0,41534.46
41,male,36.6,0,no,northwest,none,1,40200.0,134.0,217.0,30876.27
59,male,32.8,3,no,southeast,occasional,1,56982.0,130.0,156.0,29810.18
64,female,28.0,4,no,southeast,occasional,2,75210.0,120.0,187.0,39259.55
58,male,16.9,0,no,northeast,occasional,3,74638.0,134.0,235.0,33134.06
39,female,20.6,2,no,northeast,occasional,0,47462.0,139.0,172.0,20567.22
33,female,,1,no,northeast,regular,3,,114.0,225.0,30397.15
63,female,23.8,1,no,northwest,occasional,1,,122.0,243.0,29499.49
29,female,24.3,2,no,northeast,regular,1,76424.0,95.0,238.0,22191.62
37,female,27.5,1,no,southeast,none,0,81562.0,131.0,201.0,24669.72
21,female,22.1,1,no,northwest,regular,0,69764.0,140.0,239.0,17398.94
55,male,21.1,0,no,northwest,regular,1,88432.0,118.0,177.0,22956.96
48,male,28.2,0,no,northwest,regular,1,100042.0,124.0,282.0,26344.44
21,male,23.2,3,no,southeast,none,0,51369.0,119.0,203.0,22358.85
28,female,24.1,0,no,southwest,regular,1,94704.0,116.0,235.0,19022.84
44,female,,1,no,northeast,none,0,56268.0,125.0,182.0,18749.24
43,male,31.6,0,no,northwest,occasional,0,84437.0,110.0,212.0,24727.87
55,female,27.1,3,no,southeast,none,1,77589.0,118.0,214.0,37065.92
30,male,27.4,1,no,northeast,occasional,1,18505.0,,162.0,24583.51
61,female,32.1,0,yes,southwest,occasional,0,40743.0,131.0,161.0,42945.91
38,female,27.6,0,no,southwest,none,0,35132.0,126.0,188.0,23526.15
56,female,26.8,1,yes,southeast,none,0,22795.0,116.0,234.0,44916.51
29,male,31.3,4,no,southwest,none,1,81345.0,123.0,131.0,21507.87
19,male,32.5,1,yes,northwest,occasional,2,107513.0,119.0,182.0,35752.62
20,female,,1,no,northwest,regular,1,56331.0,139.0,241.0,21347.04
35,female,29.0,2,no,northeast,occasional,1,80791.0,115.0,152.0,28287.71
62,female,23.8,0,yes,northeast,regular,0,94662.0,132.0,239.0,40348.84
20,male,23.3,1,no,northwest,regular,0,66583.0,111.0,156.0,18709.11
35,male,33.1,0,no,northwest,occasional,2,61443.0,134.0,,25603.72
23,male,31.2,0,yes,southeast,occasional,0,56595.0,138.0,190.0,27802.49
61,female,31.2,2,no,northeast,occasional,0,73826.0,138.0,261.0,33954.08
49,male,30.2,3,yes,southeast,,0,81243.0,144.0,173.0,44774.91
53,male,28.8,3,yes,northeast,occasional,1,72160.0,126.0,134.0,45517.97
51,male,32.7,3,yes,northwest,occasional,0,71404.0,141.0,146.0,44700.01
48,female,34.1,1,no,northeast,occasional,0,60874.0,146.0,228.0,29696.35
54,female,,0,no,southeast,occasional,1,26955.0,105.0,,29934.79
18,female,27.9,1,no,southeast,none,0,81750.0,113.0,237.0,19447.49
58,male,36.8,4,no,southeast,regular,0,33738.0,100.0,197.0,31132.16
52,male,29.9,2,no,northeast,none,1,75626.0,138.0,194.0,30554.64
52,male,32.3,1,no,northwest,regular,3,,99.0,205.0,28571.22
36,male,30.2,2,no,southwest,none,0,36910.0,95.0,167.0,21316.88
55,female,30.0,2,no,northeast,occasional,0,48628.0,106.0,200.0,28562.96
35,female,24.1,3,yes,northwest,occasional,0,108672.0,96.0,153.0,29417.4
20,female,32.7,2,yes,northeast,none,0,60251.0,126.0,242.0,32822.75
60,male,45.6,1,no,northeast,occasional,2,35155.0,106.0,159.0,37565.96
29,male,26.3,0,no,northwest,none,1,79619.0,97.0,210.0,21910.2
22,female,28.9,1,yes,northeast,occasional,0,45001.0,121.0,159.0,32835.61
47,male,25.8,0,no,southeast,regular,1,19748.0,122.0,176.0,20590.21
28,male,25.6,4,no,southwest,none,0,73435.0,94.0,182.0,24801.53
58,male,37.8,1,,northeast,occasional,0,41834.0,111.0,299.0,30222.96
38,male,24.5,1,no,northeast,regular,2,69066.0,121.0,194.0,23501.78
18,female,25.7,0,no,southwest,occasional,0,44121.0,117.0,166.0,13673.63
62,female,19.0,1,no,northwest,regular,0,77558.0,117.0,179.0,27777.64
42,male,24.0,1,no,southwest,occasional,2,66037.0,140.0,142.0,27280.98
30,female,18.2,0,no,northwest,occasional,0,15000.0,154.0,189.0,17070.87
49,male,32.3,3,yes,southeast,none,0,70404.0,117.0,260.0,43960.34
42,male,45.3,0,no,southwest,none,0,55626.0,102.0,207.0,30726.6
19,male,26.3,1,yes,northeast,occasional,0,93168.0,118.0,227.0,29592.91
53,female,18.5,0,no,southwest,regular,0,70695.0,125.0,163.0,22891.85
36,female,33.9,1,no,southeast,none,0,78635.0,121.0,188.0,24858.44
50,female,24.1,2,no,southwest,regular,0,46368.0,131.0,202.0,26071.73
60,male,36.3,3,no,northeast,occasional,0,44619.0,155.0,,34562.11
46,male,26.8,0,no,northwest,occasional,1,61436.0,96.0,209.0,24528.31
49,female,24.7,4,yes,northeast,regular,2,54066.0,114.0,217.0,39049.77
29,male,27.4,2,no,southwest,regular,1,91436.0,145.0,214.0,22348.24
29,male,33.0,0,yes,northeast,occasional,1,58627.0,114.0,190.0,35529.65
37,female,27.1,0,no,northeast,none,1,35054.0,134.0,233.0,26491.78
58,female,25.5,0,no,southwest,,0,43793.0,131.0,186.0,27506.37
42,male,27.3,3,no,northwest,,0,83231.0,141.0,183.0,24669.49
34,male,20.9,0,yes,southeast,regular,0,58320.0,151.0,245.0,30925.48
54,female,30.9,1,no,northwest,none,0,57144.0,127.0,156.0,31316.36
58,male,17.8,2,no,southeast,occasional,3,85324.0,96.0,135.0,29164.6
60,male,25.8,3,no,northeast,none,0,41875.0,111.0,165.0,34973.87
32,male,33.1,1,no,northwest,occasional,2,15000.0,155.0,209.0,28346.85
51,male,30.3,2,yes,southeast,occasional,0,43237.0,101.0,240.0,43676.55
45,female,32.0,0,no,northwest,occasional,0,67326.0,129.0,172.0,25717.96
39,female,28.1,3,yes,northwest,occasional,0,56511.0,90.0,259.0,39399.41
36,female,35.5,0,yes,northeast,regular,0,,102.0,196.0,41126.23
23,male,34.0,0,no,southeast,regular,0,84353.0,135.0,191.0,23260.89
30,male,31.2,4,no,northeast,occasional,1,65597.0,123.0,165.0,21745.08
43,female,34.1,0,yes,northwest,none,0,70558.0,116.0,263.0,44161.86
59,male,33.0,0,no,northwest,regular,2,71231.0,110.0,190.0,33353.78
58,female,25.9,1,no,northwest,regular,2,33432.0,92.0,148.0,29317.23
26,female,20.4,0,no,southeast,regular,0,68663.0,,281.0,21996.96
49,male,31.0,0,no,northwest,occasional,3,,118.0,209.0,36085.23
21,female,31.8,1,no,southwest,none,0,87087.0,99.0,223.0,22888.76
49,female,35.0,2,yes,southeast,regular,0,77868.0,122.0,254.0,42837.75
34,male,22.9,2,no,southwest,occasional,0,73289.0,131.0,217.0,18819.38
39,female,23.1,0,no,southeast,none,1,23777.0,119.0,229.0,26987.57
51,male,31.3,1,no,northeast,occasional,0,61671.0,124.0,197.0,31157.29
37,female,,2,yes,southwest,occasional,1,40955.0,123.0,221.0,35451.13
55,female,17.2,0,yes,southwest,none,2,90208.0,111.0,194.0,43208.02
43,male,30.8,0,no,southeast,occasional,0,86868.0,123.0,194.0,24950.82
64,female,17.4,0,no,northeast,occasional,1,41088.0,133.0,199.0,24503.84
47,male,22.8,1,no,northeast,occasional,1,60988.0,138.0,,27275.72
31,female,36.6,0,no,southeast,none,0,67467.0,134.0,213.0,27909.78
54,female,,2,no,northwest,regular,0,81817.0,112.0,213.0,29871.76
37,female,21.2,4,no,southeast,occasional,0,25136.0,132.0,224.0,21176.28
43,female,,0,no,northwest,occasional,0,15000.0,129.0,217.0,27857.6
24,male,28.8,1,no,southeast,occasional,1,62839.0,111.0,265.0,21721.64
23,female,39.2,0,no,northeast,occasional,0,15000.0,115.0,232.0,26261.84
45,male,25.5,0,no,northeast,occasional,0,65489.0,132.0,188.0,20890.33
26,female,25.6,2,no,northeast,none,1,75029.0,143.0,211.0,24609.1
64,male,37.8,1,,southwest,regular,1,89194.0,95.0,244.0,35053.74
58,female,26.3,4,no,southeast,none,2,48303.0,147.0,162.0,36582.3
50,male,32.8,1,no,southwest,regular,0,65546.0,139.0,265.0,31672.38
52,female,19.6,0,no,southeast,occasional,1,76333.0,125.0,168.0,23830.68
45,male,27.5,1,no,southwest,none,0,36134.0,118.0,227.0,27380.17
20,female,18.5,0,no,southeast,occasional,1,82138.0,128.0,195.0,14501.0
36,male,22.2,3,no,southwest,none,0,68036.0,112.0,193.0,19330.44
41,male,,2,no,southwest,regular,0,48680.0,119.0,149.0,23541.94
61,male,28.2,0,,southeast,regular,3,65110.0,100.0,227.0,34961.08
28,male,26.6,1,no,northeast,occasional,1,58935.0,96.0,150.0,25029.37
41,female,,2,yes,southeast,,1,79162.0,157.0,145.0,43392.03
34,male,27.2,2,no,northeast,regular,0,54070.0,123.0,236.0,21790.96
24,male,30.3,0,no,northeast,occasional,1,66996.0,125.0,258.0,23888.19
22,male,34.4,0,no,southeast,occasional,0,48340.0,122.0,172.0,23279.25
35,male,15.0,0,no,southwest,occasional,0,41367.0,110.0,230.0,19583.37
21,female,23.5,0,no,northeast,none,0,65774.0,117.0,223.0,18105.1
21,female,29.5,1,no,northeast,occasional,0,42271.0,123.0,192.0,20057.35
34,male,27.9,0,no,southwest,occasional,0,79613.0,119.0,242.0,22001.15
27,female,30.9,0,no,northeast,regular,1,75029.0,111.0,189.0,21520.46
44,female,30.1,1,no,northeast,occasional,0,45167.0,129.0,,25622.23
18,female,26.7,0,yes,southeast,,2,66703.0,125.0,151.0,34704.94
32,female,25.3,3,no,southwest,occasional,2,45067.0,128.0,153.0,24286.94
39,female,27.0,1,no,southeast,regular,0,26705.0,133.0,236.0,21330.26
63,male,35.4,0,no,southeast,occasional,1,48861.0,119.0,,36317.23
47,female,24.1,1,no,northwest,regular,0,60893.0,119.0,190.0,24229.2
59,male,28.1,0,yes,northeast,none,2,73471.0,144.0,262.0,52798.62
34,male,29.6,3,no,southeast,occasional,0,65289.0,108.0,261.0,25755.78
39,female,37.9,1,no,southwest,regular,0,81969.0,94.0,210.0,24573.81
37,male,26.7,1,yes,northwest,regular,0,40414.0,130.0,,33632.19
59,female,34.3,3,yes,northwest,none,2,53713.0,,191.0,50783.35
63,female,,2,yes,northwest,occasional,0,98176.0,106.0,166.0,47741.62
63,female,28.1,2,no,northeast,none,1,19516.0,135.0,198.0,33304.57
53,male,27.2,0,no,northwest,none,0,52057.0,120.0,162.0,23428.21
41,male,26.5,0,no,northeast,regular,1,38427.0,103.0,153.0,21893.47
43,male,27.0,2,yes,southwest,regular,0,57701.0,151.0,120.0,37345.85
64,female,33.6,1,no,northwest,none,0,52442.0,98.0,201.0,33812.86
31,male,29.9,2,no,southeast,regular,0,75247.0,121.0,120.0,17903.2
34,female,29.9,2,yes,southeast,occasional,0,67621.0,94.0,184.0,37943.7
60,male,21.7,0,no,southwest,regular,1,,126.0,219.0,28269.36
36,male,22.7,0,no,southwest,,1,49060.0,112.0,170.0,19952.29
29,male,41.4,1,no,northwest,regular,0,61997.0,134.0,157.0,22957.78
44,male,27.4,0,no,northeast,regular,0,,122.0,193.0,21889.02
33,male,23.9,2,no,southeast,regular,0,115525.0,142.0,166.0,20896.67
59,male,37.1,2,no,northeast,occasional,1,77462.0,116.0,201.0,36854.15
60,female,30.2,1,no,northeast,none,1,39725.0,98.0,159.0,34506.23
32,female,32.0,2,no,northeast,occasional,2,59935.0,,191.0,25333.5
42,female,,1,yes,southwest,regular,2,65981.0,118.0,183.0,40383.72
64,male,26.6,2,no,northeast,none,0,,95.0,195.0,25815.99
52,male,27.5,0,no,southeast,regular,0,72346.0,106.0,252.0,26520.82
28,female,20.2,2,no,northwest,none,2,15000.0,111.0,202.0,24492.83
45,female,,2,no,southeast,regular,0,74169.0,145.0,213.0,29386.44
47,female,30.3,0,no,northwest,occasional,0,51519.0,,173.0,21798.72
48,male,39.6,1,no,southwest,regular,0,59586.0,117.0,,26467.92
19,male,,3,yes,southeast,regular,1,94246.0,129.0,185.0,35623.12
32,female,15.0,0,no,northwest,occasional,1,34247.0,91.0,196.0,14508.56
58,female,27.9,2,no,northwest,occasional,3,68000.0,114.0,218.0,34902.87
29,female,44.9,4,no,southwest,none,0,79466.0,128.0,177.0,30227.74
32,female,,3,no,southeast,regular,0,65747.0,124.0,181.0,21338.18
33,male,23.6,0,no,northwest,regular,0,26488.0,114.0,178.0,19024.74
26,female,32.0,1,no,northwest,none,1,91709.0,121.0,177.0,21196.3
25,female,24.0,5,no,northeast,none,0,57350.0,127.0,201.0,25039.54
34,female,20.4,1,yes,northeast,occasional,2,50394.0,122.0,182.0,37507.05
59,female,26.4,0,no,northeast,none,0,55169.0,135.0,247.0,28520.18
18,male,29.0,0,yes,northeast,regular,1,53593.0,127.0,289.0,32261.72
31,female,17.3,2,,northeast,none,1,35816.0,130.0,175.0,35426.87
20,male,21.6,1,no,southwest,regular,0,65629.0,148.0,,19274.94
44,female,28.6,0,no,southwest,regular,1,48861.0,134.0,,24633.25
29,male,26.1,0,no,southwest,regular,0,76760.0,148.0,186.0,18354.74
55,female,30.9,2,no,southeast,occasional,1,73387.0,112.0,160.0,29146.74
45,female,21.2,1,no,southeast,none,1,97765.0,98.0,256.0,29734.02
54,male,32.8,3,no,northeast,regular,1,57344.0,120.0,219.0,27439.61
47,male,21.4,2,no,southeast,occasional,0,44329.0,119.0,206.0,27373.99
38,female,38.4,4,no,northwest,regular,3,29666.0,144.0,246.0,33429.5
58,male,18.2,3,no,southeast,occasional,2,110254.0,105.0,222.0,90112.29000000001
40,female,21.9,0,no,southwest,none,1,76566.0,121.0,193.0,23154.34
62,female,31.0,1,no,southwest,regular,3,46767.0,128.0,161.0,35440.05
64,female,38.5,0,yes,northeast,regular,0,99249.0,124.0,178.0,45492.45
45,male,30.4,5,no,southeast,none,0,91836.0,119.0,237.0,32008.1
49,male,31.9,0,,northeast,occasional,0,32272.0,127.0,219.0,30289.71
30,female,28.6,2,yes,northeast,none,0,45424.0,138.0,188.0,35430.8
56,female,22.3,3,yes,northeast,occasional,0,59089.0,145.0,257.0,43629.07
49,female,25.6,0,no,northeast,occasional,1,38458.0,122.0,189.0,26290.88
60,male,21.2,3,no,southeast,occasional,0,59875.0,110.0,230.0,28462.09
30,female,20.8,0,no,northwest,none,0,,145.0,203.0,22998.68
55,female,30.9,1,no,northeast,none,1,31788.0,106.0,263.0,31014.97
40,female,21.8,1,no,southwest,occasional,1,68446.0,149.0,221.0,26528.62
26,male,30.4,0,no,southeast,none,3,87707.0,142.0,197.0,29102.85
26,female,20.7,1,no,northwest,occasional,0,70805.0,144.0,189.0,17551.92
44,female,30.3,3,no,southeast,occasional,2,60336.0,132.0,194.0,31948.94
33,male,25.6,0,no,southeast,occasional,0,47302.0,90.0,170.0,20836.3
22,female,36.9,1,no,northwest,occasional,0,,106.0,147.0,18456.51
38,female,30.4,3,yes,southeast,none,1,36108.0,127.0,206.0,41700.78
48,male,35.9,2,yes,southwest,none,0,67341.0,112.0,176.0,41796.08
32,female,24.0,0,no,northwest,regular,1,62561.0,117.0,176.0,19799.19
62,female,,4,yes,southeast,regular,0,86763.0,131.0,192.0,47896.03
54,female,22.6,0,no,northeast,regular,0,49180.0,119.0,197.0,25811.54
42,male,26.0,1,no,southwest,regular,0,51050.0,104.0,195.0,19192.1
61,female,26.9,1,yes,northwest,occasional,0,34679.0,135.0,256.0,43215.88
38,female,24.1,2,no,northwest,regular,0,71620.0,130.0,218.0,22383.49
24,male,21.2,0,no,southwest,occasional,0,52676.0,118.0,269.0,19516.29
19,female,20.0,0,no,southeast,regular,0,43034.0,133.0,180.0,13587.18
62,male,15.0,2,no,northeast,regular,1,45130.0,123.0,222.0,24581.13
63,male,22.2,0,no,northwest,regular,0,73816.0,142.0,182.0,26265.78
52,female,32.3,1,no,northwest,occasional,1,37735.0,124.0,175.0,31200.93
22,male,18.9,2,no,southwest,occasional,1,39688.0,142.0,270.0,20557.91
31,male,20.3,1,no,northwest,none,0,81720.0,94.0,168.0,16633.83
19,male,39.2,0,no,northeast,occasional,0,58345.0,129.0,120.0,25117.78
20,female,24.7,0,no,southeast,regular,1,83020.0,116.0,170.0,17880.53
29,male,30.4,4,no,northwest,occasional,2,54094.0,109.0,125.0,26108.79
44,female,32.4,1,no,northeast,none,0,61975.0,139.0,162.0,26037.77
21,female,32.5,0,,southwest,occasional,1,65439.0,135.0,165.0,24157.56
64,female,19.4,0,no,northeast,occasional,0,92520.0,92.0,196.0,27371.98
39,female,27.1,0,no,southwest,occasional,0,90729.0,133.0,123.0,22536.34
30,male,18.8,5,no,southwest,occasional,0,87371.0,131.0,237.0,18158.88
42,male,43.2,0,no,northeast,occasional,0,48166.0,111.0,129.0,30660.2
55,female,18.9,0,no,southeast,occasional,0,40290.0,109.0,191.0,26027.03
32,female,22.2,1,yes,southwest,occasional,0,,98.0,184.0,34735.91
20,female,22.3,0,yes,southeast,regular,0,92289.0,117.0,224.0,29711.31
20,male,19.5,0,no,southeast,occasional,1,87582.0,119.0,207.0,17630.98
58,male,36.6,5,no,northeast,occasional,0,62287.0,134.0,237.0,34050.25
23,female,43.0,2,no,northeast,none,1,78012.0,126.0,182.0,33066.75
47,female,25.6,0,no,southeast,occasional,2,78399.0,106.0,179.0,26820.02
36,male,20.6,1,no,northeast,occasional,0,65277.0,126.0,209.0,18291.15
54,female,15.1,0,no,northwest,occasional,0,66232.0,118.0,231.0,21947.91
20,female,27.0,0,no,southeast,regular,0,64160.0,108.0,224.0,16462.48
60,male,26.6,1,no,northeast,none,2,44662.0,98.0,206.0,35957.02
50,female,24.6,1,no,southwest,regular,0,46907.0,131.0,203.0,21647.19
39,male,29.8,2,yes,southwest,none,0,46567.0,129.0,194.0,38651.89
27,male,30.9,3,yes,southwest,occasional,3,26817.0,130.0,209.0,43309.88
63,male,30.4,0,yes,northeast,regular,0,65143.0,111.0,266.0,47232.67
32,female,26.6,3,no,northwest,occasional,0,61107.0,125.0,187.0,23636.46
41,female,21.9,1,no,southwest,regular,2,78763.0,101.0,182.0,27697.79
36,female,32.5,0,no,northwest,regular,2,89736.0,107.0,180.0,26705.8
28,female,28.6,3,yes,southeast,none,0,91134.0,123.0,209.0,37097.5
37,male,33.8,0,no,southeast,regular,0,93206.0,126.0,121.0,25002.4
25,male,33.2,1,no,northwest,regular,0,45344.0,98.0,190.0,17169.87
18,male,20.0,2,no,northwest,occasional,0,,106.0,226.0,12262.26
31,female,19.9,0,no,southeast,,0,82476.0,117.0,177.0,21440.88
23,female,24.0,3,yes,northeast,none,0,92407.0,136.0,202.0,34738.62
37,female,22.2,0,no,southwest,regular,1,96232.0,110.0,269.0,24304.88
58,male,33.0,2,,southeast,regular,1,72670.0,124.0,207.0,30430.1
25,male,30.6,0,no,northeast,regular,3,18073.0,126.0,120.0,27585.23
18,male,35.1,0,no,southeast,occasional,2,70043.0,118.0,146.0,25158.62
23,male,30.9,0,no,northwest,,0,74220.0,126.0,186.0,20581.66
41,male,29.8,3,no,northeast,occasional,0,89546.0,102.0,167.0,25506.98
30,female,35.7,0,no,southwest,occasional,0,93452.0,112.0,199.0,23827.43
41,female,31.3,3,yes,southeast,none,0,82012.0,144.0,185.0,40299.14
19,male,28.9,0,no,southeast,none,0,49080.0,145.0,236.0,20021.65
33,male,37.4,1,no,southwest,none,1,39359.0,135.0,157.0,28550.03
37,female,29.2,0,no,southeast,none,0,73747.0,139.0,188.0,23722.72
38,male,26.7,0,no,northwest,regular,0,44567.0,95.0,203.0,17689.01
43,male,23.5,4,no,northeast,occasional,0,94453.0,108.0,207.0,25219.94
54,female,32.7,1,yes,northeast,occasional,3,24500.0,117.0,200.0,51426.28
39,female,35.9,2,no,northwest,occasional,1,74472.0,158.0,120.0,30519.89
57,female,28.2,1,no,northwest,regular,0,,117.0,198.0,28243.96
42,male,36.3,1,no,southeast,regular,0,57451.0,133.0,190.0,28788.47
30,female,16.7,1,no,northwest,occasional,2,41647.0,128.0,225.0,23879.93
28,male,28.2,3,no,southeast,occasional,0,16641.0,127.0,220.0,23150.68
33,male,28.3,2,no,southwest,,1,50309.0,122.0,203.0,19960.15
46,female,24.1,1,no,southwest,,1,50695.0,104.0,206.0,28224.74
29,female,42.8,1,no,northwest,occasional,1,86458.0,90.0,242.0,25683.87
60,male,28.1,1,no,southwest,occasional,0,44777.0,141.0,235.0,27458.96
40,female,26.1,1,no,southwest,occasional,2,71961.0,,205.0,24394.66
58,male,28.7,1,yes,northeast,occasional,0,33571.0,94.0,270.0,49090.79
50,male,16.5,1,no,northwest,none,0,72565.0,129.0,173.0,23978.94
33,male,23.9,2,no,northeast,occasional,0,15000.0,128.0,154.0,18921.44
28,female,34.4,4,yes,southeast,occasional,0,108097.0,134.0,195.0,38094.1
52,female,24.7,4,no,southeast,occasional,0,58897.0,139.0,182.0,27946.82
33,male,23.5,2,no,southeast,occasional,1,15000.0,108.0,120.0,23454.29
29,male,36.4,1,no,southwest,none,2,,109.0,172.0,28586.6
61,male,36.5,2,yes,northwest,none,0,42735.0,117.0,,46168.13
40,male,31.6,0,no,northwest,occasional,1,,134.0,193.0,27301.43
20,male,,1,yes,southwest,occasional,3,53978.0,90.0,168.0,35045.47
41,male,27.1,0,yes,southwest,none,0,47422.0,124.0,196.0,40493.53
39,female,23.7,0,no,southwest,none,1,44039.0,136.0,199.0,24928.7
58,male,22.5,4,no,northeast,none,3,36509.0,135.0,220.0,33993.43
51,male,,3,no,northeast,occasional,1,80079.0,133.0,173.0,29236.38
26,female,24.8,1,no,northeast,none,0,88425.0,138.0,226.0,21931.44
25,male,22.3,0,no,northwest,occasional,2,56399.0,90.0,157.0,18964.7
46,male,19.1,2,no,northeast,occasional,1,61612.0,146.0,177.0,26933.75
20,male,29.8,1,yes,southwest,regular,0,37221.0,127.0,254.0,34979.17
32,male,29.9,2,no,southeast,occasional,0,63562.0,142.0,159.0,26025.76
24,male,38.7,5,no,northwest,none,0,67059.0,104.0,172.0,26868.07
18,female,,0,no,northwest,occasional,0,57173.0,96.0,151.0,14746.62
61,male,30.3,0,no,northwest,regular,0,70714.0,149.0,166.0,24856.98
22,female,,0,no,northwest,none,0,68792.0,108.0,200.0,20457.45
18,female,27.0,0,no,southeast,regular,2,38809.0,117.0,220.0,21920.73
61,male,33.0,0,no,northeast,occasional,1,88247.0,130.0,194.0,32810.65
26,male,33.2,0,no,southwest,none,0,57432.0,134.0,184.0,15888.35
56,male,30.5,0,no,northeast,none,0,98863.0,138.0,,30611.97
19,male,,0,no,northwest,regular,0,71249.0,125.0,170.0,14263.49
25,female,26.4,0,no,southwest,regular,0,105361.0,106.0,141.0,18244.15
23,female,20.3,2,no,northeast,regular,1,87856.0,133.0,221.0,22937.08
51,male,23.7,0,no,northeast,none,0,66998.0,,223.0,25986.85
47,male,24.8,3,no,southeast,regular,3,46092.0,95.0,194.0,31243.3
40,male,21.8,0,no,northwest,none,0,46566.0,143.0,210.0,22783.85
29,female,31.1,0,no,northeast,occasional,0,73727.0,,226.0,22774.38
22,female,35.7,0,no,northeast,occasional,2,65149.0,138.0,199.0,26136.98
44,male,23.1,2,no,northeast,regular,0,49041.0,112.0,244.0,22480.48
28,male,30.2,0,no,southeast,occasional,0,80327.0,133.0,159.0,19247.82
45,male,22.3,1,no,northeast,occasional,0,62853.0,130.0,183.0,27006.61
50,male,26.7,0,no,southwest,none,1,80458.0,121.0,179.0,28838.98
57,male,24.4,5,no,southwest,occasional,0,40540.0,129.0,218.0,31185.97
41,male,32.1,0,no,northeast,none,1,83988.0,121.0,145.0,28202.99
18,male,,0,yes,northwest,regular,1,73022.0,133.0,246.0,34106.6
31,male,34.6,3,no,northeast,none,2,88347.0,155.0,215.0,28704.48
58,male,27.0,0,no,northwest,occasional,1,83503.0,102.0,256.0,29846.99
43,female,,0,no,northeast,none,1,60131.0,90.0,194.0,26496.55
47,female,21.0,2,no,southwest,occasional,1,58362.0,116.0,176.0,28011.43
39,male,30.0,0,no,northwest,none,0,101227.0,115.0,218.0,30402.86
25,male,33.9,0,no,southeast,occasional,1,55607.0,116.0,231.0,25261.11
60,female,30.1,1,no,southeast,occasional,1,78466.0,108.0,170.0,29901.71
54,female,41.9,0,no,southwest,occasional,0,53609.0,135.0,125.0,28291.15
64,male,37.1,3,no,northwest,regular,1,21039.0,101.0,131.0,31655.25
58,female,26.7,1,no,northeast,none,0,34999.0,129.0,204.0,27898.94
31,male,26.6,1,no,southwest,occasional,0,70930.0,132.0,249.0,46658.7
29,male,31.3,0,no,northwest,regular,0,77425.0,127.0,149.0,18520.86
29,female,23.5,2,no,southeast,none,0,71003.0,,185.0,22965.82
61,female,35.5,2,yes,southeast,regular,0,87211.0,136.0,183.0,46751.04
44,female,30.7,0,no,southeast,regular,0,70608.0,,262.0,25280.59
39,male,30.0,3,no,northeast,regular,0,44945.0,117.0,274.0,22146.92
63,female,,1,no,northeast,occasional,0,75075.0,129.0,210.0,34217.6
46,male,38.8,2,yes,southeast,occasional,1,65731.0,131.0,226.0,48683.07
60,female,29.5,0,no,southeast,occasional,0,49338.0,135.0,225.0,30224.2
64,male,27.8,0,no,southwest,occasional,3,72395.0,96.0,150.0,28948.88
21,male,37.6,2,no,southeast,regular,1,63746.0,119.0,219.0,23448.32
34,female,34.3,2,no,southwest,none,0,48690.0,106.0,159.0,25909.42
52,female,26.6,0,yes,southwest,regular,0,58087.0,130.0,189.0,38908.8
56,female,28.5,0,no,southeast,,0,,,235.0,29235.87
24,male,29.7,2,no,northeast,none,0,92380.0,118.0,198.0,23384.46
32,male,30.7,0,no,northwest,occasional,0,66139.0,111.0,234.0,22691.87
43,female,20.4,0,,southeast,regular,1,63260.0,131.0,240.0,25319.25
55,female,19.2,1,yes,southeast,occasional,1,30473.0,120.0,134.0,37699.3
23,male,,0,no,northeast,regular,0,99826.0,143.0,120.0,13389.6
46,female,22.7,0,no,southeast,occasional,1,84800.0,149.0,236.0,27640.99
31,female,24.6,0,no,northwest,regular,0,78543.0,137.0,237.0,21188.13
28,male,32.3,3,no,northwest,occasional,2,15000.0,125.0,204.0,28349.74
42,female,27.5,0,yes,southwest,regular,3,62900.0,149.0,209.0,43476.89
37,female,29.7,2,no,northwest,none,0,59203.0,126.0,226.0,24679.3
47,female,21.2,5,no,southeast,occasional,1,77022.0,115.0,226.0,28343.08
32,female,25.7,2,no,southeast,regular,1,52077.0,112.0,184.0,23524.15
56,male,,1,no,southeast,none,0,56902.0,,228.0,31912.85
21,female,32.1,1,no,northeast,occasional,0,75627.0,122.0,183.0,26228.2
58,female,24.2,0,no,southeast,regular,1,44981.0,129.0,204.0,26506.31
19,female,29.5,1,no,northwest,occasional,0,49371.0,101.0,202.0,25604.7
52,female,41.7,4,yes,southeast,regular,0,66253.0,115.0,165.0,44520.98
34,male,28.4,2,no,northeast,occasional,1,91447.0,125.0,169.0,25584.68
36,male,24.3,1,no,southwest,regular,0,79786.0,132.0,273.0,19200.2
18,male,27.5,0,no,southwest,occasional,0,85659.0,122.0,164.0,17651.1
50,female,29.1,3,no,northwest,occasional,3,63393.0,126.0,208.0,35675.1
25,female,27.6,0,no,northwest,regular,0,94892.0,103.0,215.0,18127.11
48,female,28.3,3,no,northwest,occasional,0,23694.0,108.0,,28726.0
52,male,19.8,0,no,southeast,none,1,106489.0,121.0,219.0,26161.94
57,female,22.7,2,no,southeast,occasional,0,109339.0,,207.0,23023.94
51,male,27.6,2,no,southeast,occasional,1,72046.0,125.0,165.0,30399.58
32,male,27.5,1,yes,southwest,regular,1,80310.0,109.0,214.0,36505.16
52,female,25.1,0,yes,northwest,occasional,0,61164.0,118.0,176.0,37613.19
56,male,27.4,3,no,southeast,regular,0,57389.0,145.0,256.0,28777.21
32,male,28.9,0,,northwest,regular,3,48561.0,130.0,210.0,41687.24
23,male,33.8,0,no,southeast,none,2,60922.0,120.0,170.0,24041.34
59,male,27.9,1,yes,northwest,occasional,0,74231.0,107.0,207.0,43102.61
24,male,30.9,1,yes,southwest,occasional,0,71237.0,111.0,,36841.05
45,female,25.3,2,no,northeast,none,0,105705.0,122.0,204.0,30386.33
29,female,31.9,0,no,northeast,occasional,2,64206.0,126.0,187.0,29064.13
23,male,,1,no,northwest,occasional,1,29246.0,130.0,166.0,22439.86
54,male,33.7,3,no,southwest,regular,0,98175.0,128.0,166.0,29482.16
24,male,32.8,0,no,southeast,occasional,2,35139.0,116.0,280.0,25522.9
49,male,32.0,1,yes,northwest,none,0,49693.0,114.0,198.0,41491.81
50,female,27.9,2,no,northwest,occasional,0,67978.0,153.0,180.0,29028.56
20,male,,3,yes,northwest,regular,1,71178.0,114.0,174.0,34222.77
26,male,34.9,1,no,southwest,occasional,0,30200.0,103.0,211.0,23280.62
55,male,24.6,2,no,southwest,none,1,45578.0,97.0,173.0,26805.17
41,male,24.7,0,no,southwest,regular,0,29423.0,117.0,157.0,24022.0
23,male,29.6,0,no,southwest,none,1,75678.0,136.0,194.0,21824.88
64,male,31.0,4,no,northeast,none,3,88034.0,113.0,194.0,41423.42
30,female,23.6,3,no,northwest,occasional,0,35120.0,144.0,180.0,19413.11
18,female,28.1,1,no,southeast,occasional,0,83905.0,122.0,164.0,16603.62
61,female,27.9,1,no,southeast,regular,1,82477.0,139.0,181.0,33704.76
18,male,15.2,1,no,northeast,none,0,47500.0,111.0,179.0,13318.78
44,female,27.2,0,no,southeast,regular,1,18383.0,111.0,174.0,21823.09
64,female,27.6,3,no,northeast,occasional,1,38432.0,123.0,205.0,30978.4
45,male,27.5,2,no,northwest,regular,0,48904.0,129.0,273.0,27534.14
45,male,37.0,1,no,northwest,regular,2,95917.0,119.0,242.0,33030.7
36,female,21.2,0,yes,southwest,regular,0,59397.0,126.0,263.0,31834.91
23,male,23.6,0,no,southeast,none,0,39850.0,131.0,175.0,17571.82
44,male,15.0,0,no,southeast,none,0,65253.0,101.0,254.0,23217.62
60,female,25.6,2,no,southwest,regular,1,33502.0,117.0,203.0,32541.02
22,female,26.1,1,no,southwest,occasional,2,73315.0,114.0,230.0,22447.38
59,female,25.4,0,yes,northwest,occasional,0,40491.0,115.0,211.0,42308.36
37,female,35.1,1,no,southwest,regular,0,43684.0,128.0,183.0,26473.82
43,female,33.7,4,no,northeast,regular,0,70261.0,114.0,220.0,32286.56
25,female,29.0,0,no,southeast,occasional,1,100505.0,92.0,212.0,19182.4
47,male,,1,yes,northeast,regular,0,110351.0,118.0,133.0,35719.4
26,female,34.7,1,no,northwest,none,0,39123.0,106.0,191.0,21843.27
30,female,28.4,0,no,southeast,regular,0,48875.0,129.0,226.0,23033.05
51,female,23.6,1,no,northeast,regular,0,73342.0,134.0,205.0,24379.41
20,female,18.2,1,no,northwest,none,1,87713.0,90.0,211.0,18138.09
39,male,25.9,0,no,southeast,none,0,15000.0,110.0,169.0,23645.05
45,male,33.0,0,no,southeast,regular,0,63921.0,,204.0,26193.14
24,male,42.2,3,no,northeast,occasional,0,51283.0,101.0,192.0,25649.14
31,male,28.9,0,yes,northeast,none,0,19672.0,134.0,188.0,39299.09
34,male,23.9,1,yes,northwest,none,0,32582.0,138.0,171.0,33291.38
49,female,21.4,1,yes,southwest,none,0,,120.0,227.0,38270.36
63,female,31.8,2,no,southwest,none,0,63294.0,110.0,207.0,29528.21
57,male,17.9,2,no,northwest,regular,0,84178.0,90.0,204.0,23978.71
26,male,31.8,3,no,southeast,occasional,0,69796.0,134.0,267.0,23858.65
18,female,33.4,1,no,southeast,occasional,1,82846.0,152.0,212.0,25658.95
20,female,,1,yes,southwest,none,0,62588.0,149.0,237.0,36088.04
45,female,27.2,0,no,northeast,occasional,0,46491.0,119.0,205.0,23848.59
25,male,31.9,0,no,southeast,none,1,57958.0,,183.0,23140.41
28,male,29.5,0,no,southeast,regular,0,77301.0,135.0,158.0,23934.33
57,female,23.8,0,no,northwest,regular,0,84716.0,120.0,203.0,21715.96
59,male,39.6,1,yes,northeast,occasional,1,58747.0,129.0,120.0,47655.48
57,male,26.4,0,no,northeast,regular,0,41559.0,127.0,205.0,26987.98
29,male,33.2,0,no,northwest,none,2,69384.0,123.0,206.0,25595.33
47,male,15.0,0,no,southeast,,0,72516.0,137.0,187.0,23406.44
46,male,36.2,2,no,southeast,regular,2,89120.0,138.0,192.0,32141.25
26,female,37.3,1,no,northeast,occasional,1,47067.0,114.0,151.0,25488.9
44,male,28.7,2,yes,southwest,regular,0,47308.0,108.0,243.0,39368.99
42,female,31.9,1,no,northwest,none,0,78636.0,90.0,183.0,25236.76
36,female,31.9,3,no,southwest,regular,1,53036.0,117.0,161.0,22642.04
53,male,24.6,2,no,northeast,none,0,52107.0,106.0,214.0,28045.98
49,male,31.8,0,yes,southwest,none,0,89591.0,128.0,199.0,38333.14
43,female,,4,no,southwest,occasional,2,31838.0,117.0,182.0,26625.33
52,female,24.8,0,no,southwest,regular,1,107236.0,119.0,179.0,26863.31
53,male,35.3,1,no,southwest,occasional,3,48522.0,134.0,195.0,38198.22
44,male,34.3,2,no,northwest,occasional,2,81068.0,128.0,242.0,36990.44
30,female,24.3,0,no,southeast,none,1,59606.0,120.0,211.0,22125.42
53,male,,1,no,southeast,none,1,67970.0,147.0,194.0,27763.85
51,male,24.6,0,no,northwest,none,1,56219.0,133.0,225.0,29469.15
64,male,32.9,0,yes,southwest,regular,2,80845.0,116.0,196.0,52353.55
25,male,,0,no,northwest,none,1,54359.0,116.0,209.0,23757.6
37,female,30.6,0,no,northwest,none,0,49395.0,,200.0,22312.25
61,male,33.0,0,no,southwest,occasional,1,101894.0,125.0,216.0,32132.3
42,male,28.0,1,no,northwest,occasional,0,62646.0,105.0,179.0,25446.22
62,female,34.6,1,no,northeast,occasional,2,47135.0,135.0,155.0,37628.82
18,male,26.7,1,no,northwest,none,1,29214.0,141.0,227.0,22713.24
19,male,27.2,2,no,southeast,occasional,1,103043.0,140.0,248.0,21105.58
55,female,22.6,0,no,southwest,occasional,0,49858.0,145.0,157.0,26580.09
34,male,34.6,0,no,northeast,none,0,107360.0,153.0,201.0,27929.13
42,female,23.9,2,no,southeast,,0,70775.0,148.0,,22224.46
38,male,,3,no,southeast,none,1,,127.0,226.0,31957.95
37,male,28.1,1,,southeast,regular,1,65737.0,119.0,204.0,26862.36
62,male,22.2,0,no,southeast,regular,0,110751.0,95.0,311.0,25826.68
22,female,24.8,2,no,southwest,none,0,15000.0,122.0,184.0,21536.8
54,male,36.8,3,no,northwest,occasional,0,66716.0,130.0,249.0,33889.99
59,male,29.7,0,no,northwest,occasional,0,56166.0,123.0,252.0,31324.87
48,female,22.4,0,no,southeast,regular,2,57312.0,,214.0,30057.89
36,male,30.3,0,no,northwest,occasional,2,,118.0,196.0,26637.84
25,female,27.6,1,yes,northwest,occasional,1,56142.0,,198.0,36603.78
50,male,49.2,3,no,northeast,none,0,66139.0,107.0,195.0,29632.24
40,female,30.2,2,no,northeast,none,0,,124.0,235.0,29354.89
25,male,26.2,0,yes,southwest,occasional,2,33102.0,,164.0,38563.68
34,female,37.0,1,no,northeast,occasional,3,70390.0,139.0,189.0,34635.72
63,male,17.5,2,no,southeast,regular,0,77753.0,148.0,185.0,24549.29
30,female,29.1,1,no,southeast,regular,1,50075.0,116.0,135.0,24382.2
26,female,,2,no,northeast,occasional,0,103094.0,125.0,225.0,27888.87
50,male,27.8,0,no,northeast,occasional,0,91383.0,125.0,232.0,25202.45
27,male,,0,yes,northwest,regular,3,80567.0,132.0,173.0,36594.85
61,male,26.1,1,no,southeast,regular,2,80300.0,130.0,231.0,33600.49
58,female,,1,,northwest,regular,3,62662.0,143.0,140.0,32137.73
64,female,30.8,4,no,southeast,regular,0,87110.0,90.0,196.0,32473.42
60,female,23.5,1,no,northeast,occasional,0,96557.0,128.0,191.0,25985.92
29,male,24.4,0,yes,northeast,occasional,2,79777.0,129.0,198.0,33590.84
27,female,25.1,0,no,northeast,occasional,1,49454.0,118.0,198.0,22095.6
34,male,30.7,1,yes,northwest,none,0,61127.0,90.0,,37330.76
40,female,36.5,0,no,northwest,occasional,0,74621.0,121.0,181.0,28895.91
59,male,34.8,2,no,southwest,occasional,0,80430.0,111.0,191.0,31431.06
52,female,31.2,0,no,northeast,occasional,1,60296.0,147.0,243.0,32675.56
48,female,20.5,0,no,southeast,none,2,49530.0,128.0,175.0,29097.26
59,female,20.5,1,no,southeast,occasional,0,96853.0,110.0,274.0,29609.69
48,male,31.7,0,yes,southeast,occasional,0,38409.0,91.0,173.0,38691.27
35,male,20.4,1,no,southeast,occasional,0,41291.0,131.0,203.0,21336.62
37,female,27.1,1,yes,northeast,none,1,32803.0,132.0,215.0,40141.17
42,male,30.3,1,no,southeast,occasional,0,41242.0,119.0,185.0,26973.14
22,male,,2,no,northwest,none,0,,131.0,243.0,19637.02
52,female,22.4,2,no,southwest,none,1,90178.0,117.0,,26894.4
48,female,,3,yes,northeast,occasional,0,60371.0,,188.0,40660.06
52,female,31.5,0,no,southeast,regular,1,72919.0,137.0,243.0,33721.03
43,female,34.9,0,no,southeast,occasional,1,61769.0,97.0,159.0,24116.35
54,male,32.1,2,no,southeast,,0,35777.0,101.0,175.0,30733.49
62,male,28.9,1,yes,northeast,regular,1,110798.0,152.0,215.0,48658.99
44,female,24.0,1,yes,southeast,occasional,1,92244.0,136.0,223.0,41438.47
38,male,22.1,1,no,southeast,regular,1,69797.0,103.0,206.0,26891.03
22,male,25.4,2,yes,southeast,none,1,,98.0,191.0,37514.05
54,male,31.0,0,no,northwest,occasional,0,57051.0,125.0,186.0,28580.87
60,female,30.5,1,no,northeast,none,0,46767.0,105.0,235.0,30236.13
50,female,15.9,0,yes,northwest,occasional,0,64147.0,,203.0,35432.28
58,male,23.8,0,no,southwest,regular,0,68818.0,121.0,164.0,26564.43
58,male,35.7,2,no,northwest,occasional,0,54495.0,121.0,162.0,30907.72
55,male,29.0,1,no,southeast,occasional,0,30003.0,139.0,248.0,28140.77
41,female,20.0,0,no,southeast,none,1,108905.0,150.0,170.0,21650.09
22,male,42.6,3,yes,southeast,regular,0,67226.0,115.0,205.0,40506.99
18,female,28.3,2,no,southeast,occasional,2,72045.0,105.0,242.0,20125.12
27,male,30.8,1,no,southeast,none,1,52707.0,128.0,214.0,24200.78
38,male,30.9,4,no,southeast,regular,0,27636.0,146.0,168.0,20319.63
52,male,26.3,1,no,northeast,occasional,1,60167.0,116.0,159.0,29751.97
39,female,24.1,2,no,southwest,occasional,0,54889.0,135.0,260.0,26428.35
19,male,41.2,0,no,southwest,none,2,77610.0,109.0,159.0,26440.25
27,male,34.5,0,no,northwest,none,2,81934.0,,176.0,30464.47
64,male,33.4,0,no,southwest,regular,2,78831.0,105.0,208.0,36846.93
64,male,32.0,0,no,southwest,occasional,1,83742.0,122.0,,33522.56
35,male,,1,yes,southeast,regular,2,101681.0,120.0,215.0,37474.2
55,female,36.2,0,no,southeast,none,1,70577.0,131.0,144.0,31980.02
51,male,23.4,1,no,southeast,occasional,2,86183.0,149.0,188.0,31043.75
61,male,30.2,0,no,northeast,occasional,0,72865.0,116.0,219.0,29638.84
59,male,18.7,0,no,northeast,occasional,2,20199.0,92.0,219.0,30218.31
47,female,16.3,4,yes,northwest,occasional,1,58601.0,119.0,175.0,38816.99
36,male,30.4,1,no,southwest,occasional,0,42910.0,126.0,159.0,22717.29
47,male,23.6,3,no,northwest,occasional,3,67092.0,125.0,202.0,33169.36
32,male,16.6,1,yes,southwest,regular,1,44598.0,120.0,149.0,30722.8
34,male,31.7,0,no,southeast,none,2,75325.0,144.0,240.0,29421.64
46,male,41.2,1,no,southeast,occasional,0,83583.0,124.0,,28275.11
44,female,36.8,1,no,northwest,occasional,1,88479.0,120.0,171.0,28496.73
45,male,27.0,0,no,northwest,none,1,97624.0,110.0,158.0,30744.54
36,male,28.6,3,yes,northeast,none,0,25127.0,96.0,173.0,36570.64
37,male,33.8,1,yes,northwest,regular,1,35622.0,127.0,140.0,40823.48
18,male,35.2,2,no,northeast,none,1,126412.0,126.0,212.0,23352.47
46,female,26.4,1,no,northeast,none,0,84210.0,,167.0,20348.58
45,female,28.7,1,yes,northeast,occasional,1,66938.0,121.0,209.0,43045.98
61,female,30.3,0,no,southeast,none,0,62705.0,120.0,214.0,29918.71
41,male,31.8,4,no,northwest,none,1,60749.0,113.0,229.0,30437.89
39,female,27.7,0,no,northwest,none,2,19458.0,110.0,204.0,29738.55
21,male,,0,no,southwest,none,0,45009.0,128.0,234.0,20535.08
27,female,36.8,0,,southeast,occasional,0,59539.0,119.0,244.0,24915.1
33,female,35.8,1,no,southwest,regular,0,46251.0,113.0,204.0,21814.53
35,female,31.4,5,no,southeast,none,0,49127.0,109.0,206.0,28541.51
35,female,38.8,3,no,northeast,occasional,2,118292.0,120.0,175.0,30356.53
36,male,26.2,2,yes,southwest,occasional,0,56464.0,136.0,160.0,31915.6
54,male,38.2,5,yes,southwest,none,0,68119.0,125.0,240.0,51053.46
24,female,31.8,2,no,southeast,occasional,0,67336.0,118.0,216.0,24735.22
33,male,48.1,0,no,southeast,occasional,1,74968.0,127.0,219.0,34487.6
25,female,21.3,1,no,northwest,none,1,51500.0,142.0,174.0,25326.81
32,female,24.4,0,no,southeast,occasional,0,89434.0,129.0,252.0,23166.04
50,female,31.0,0,no,southwest,none,0,71758.0,126.0,187.0,28823.71
20,male,30.9,0,no,southeast,regular,0,33682.0,132.0,167.0,21214.68
33,female,40.2,0,no,northeast,regular,0,59635.0,120.0,175.0,22883.07
19,male,,4,yes,northeast,regular,0,58213.0,125.0,250.0,29038.82
62,male,33.9,5,no,northeast,none,1,57200.0,115.0,156.0,34771.78
52,male,35.5,0,no,northwest,regular,0,73205.0,99.0,169.0,29791.12
29,female,32.7,2,no,northwest,occasional,0,75964.0,127.0,296.0,22952.73
27,female,22.7,0,no,southwest,none,1,73366.0,127.0,228.0,22519.88
22,female,36.9,0,no,northeast,regular,1,69456.0,118.0,169.0,23901.43
40,female,,0,no,northwest,regular,0,63884.0,138.0,157.0,25321.85
53,male,32.1,0,no,northeast,none,0,15000.0,111.0,136.0,25604.21
45,male,29.7,0,no,southeast,regular,1,79114.0,95.0,198.0,26872.5
59,female,29.9,0,no,southeast,none,0,72744.0,112.0,220.0,29436.61
34,male,28.0,0,yes,southeast,occasional,1,40335.0,99.0,248.0,42344.95
31,male,32.3,0,no,southwest,none,1,68173.0,127.0,129.0,26915.44
40,female,28.7,3,no,southwest,none,2,76255.0,111.0,149.0,27871.14
27,female,23.4,0,no,southwest,regular,0,87767.0,137.0,191.0,21562.55
63,male,22.2,0,no,southwest,occasional,0,73227.0,136.0,293.0,29570.26
26,female,24.0,1,no,northwest,none,2,69075.0,108.0,226.0,19856.1
40,male,29.8,0,no,southeast,regular,0,82829.0,110.0,208.0,23260.41
42,male,28.3,1,no,northwest,regular,0,55256.0,130.0,152.0,26576.59
20,male,29.8,0,no,southwest,regular,1,71064.0,137.0,121.0,17252.1
40,female,31.5,1,no,northeast,regular,0,48336.0,92.0,196.0,23714.53
39,male,24.7,1,no,northeast,regular,1,86427.0,126.0,192.0,20745.63
30,male,37.3,2,no,northeast,occasional,2,26586.0,90.0,186.0,25727.16
24,female,26.9,1,yes,southeast,none,1,79968.0,114.0,182.0,34367.8
20,female,25.9,1,no,southeast,regular,0,62390.0,138.0,169.0,14938.16
18,female,31.4,0,no,northeast,none,3,83239.0,167.0,161.0,24900.84
40,female,17.5,0,no,southeast,none,1,44828.0,118.0,244.0,27606.91
22,female,23.8,1,no,northwest,occasional,0,63980.0,103.0,164.0,16708.72
63,female,34.4,0,no,southwest,none,1,63334.0,114.0,185.0,35533.81
29,female,18.1,0,yes,northeast,occasional,0,71545.0,123.0,194.0,33015.27
48,female,35.2,2,no,northeast,regular,0,38954.0,112.0,220.0,26017.62
49,male,37.6,0,yes,southeast,occasional,1,75997.0,108.0,165.0,43615.68
41,male,,0,no,southeast,occasional,0,21390.0,116.0,229.0,25754.24
59,female,30.3,1,no,southwest,occasional,0,47307.0,128.0,175.0,27908.35
23,male,35.2,0,no,southeast,occasional,1,27620.0,119.0,189.0,25425.61
28,female,25.7,2,no,southwest,none,0,80221.0,109.0,253.0,25447.23
29,male,33.7,3,no,northwest,none,0,70803.0,112.0,161.0,20725.95
24,female,24.5,4,,northwest,occasional,0,72033.0,116.0,220.0,19228.61
31,male,25.6,1,no,southwest,occasional,1,94410.0,107.0,230.0,22149.16
32,female,23.7,0,no,northeast,occasional,2,55049.0,111.0,206.0,22765.8
53,male,30.6,1,no,southwest,none,0,75411.0,132.0,191.0,27637.81
32,male,35.4,1,yes,northeast,none,1,63452.0,119.0,269.0,42009.53
59,male,27.4,1,no,southeast,occasional,0,60103.0,96.0,195.0,28409.04
54,female,20.9,0,no,northeast,occasional,0,90746.0,137.0,202.0,25517.76
60,male,22.0,0,no,southeast,occasional,0,107801.0,128.0,183.0,28824.3
22,female,30.9,0,no,southwest,regular,0,52508.0,101.0,200.0,18372.71
64,male,39.6,0,no,northeast,occasional,0,80342.0,117.0,229.0,36502.62
46,male,30.9,0,no,northeast,none,1,69021.0,110.0,185.0,27267.96
64,female,26.2,3,no,northwest,occasional,1,69284.0,132.0,121.0,28545.87
34,male,33.1,0,no,northwest,none,3,67438.0,116.0,213.0,29417.79
62,male,27.1,1,no,northwest,none,2,54672.0,121.0,,34162.8
45,female,26.2,4,no,southwest,occasional,0,15000.0,119.0,221.0,28248.03
21,female,22.7,0,no,northeast,none,0,95766.0,100.0,195.0,20532.45
37,female,37.0,1,no,northwest,none,0,46716.0,143.0,,28484.58
24,male,15.0,2,no,northwest,regular,0,56686.0,132.0,162.0,16181.91
62,female,33.3,0,no,northwest,occasional,2,57154.0,,176.0,36920.7
32,male,25.7,1,no,northwest,regular,0,,125.0,183.0,18196.63
28,female,26.0,2,no,southeast,regular,0,,137.0,143.0,19324.55
43,female,38.7,2,no,southeast,none,0,,123.0,234.0,36816.91
37,male,24.2,2,yes,southwest,occasional,2,46236.0,145.0,138.0,41322.11
22,male,24.4,5,no,northwest,occasional,0,65285.0,166.0,233.0,22382.4
56,male,27.7,0,no,southeast,,1,61273.0,120.0,210.0,31899.03
57,male,31.0,2,no,southwest,none,0,,113.0,188.0,27184.86
52,male,25.8,1,no,southwest,none,0,32512.0,107.0,207.0,25510.93
46,female,19.1,2,no,southwest,none,0,,90.0,206.0,20943.82
36,male,23.3,2,no,northwest,regular,1,77957.0,141.0,181.0,23607.11
43,male,36.2,2,no,southwest,none,1,47926.0,117.0,205.0,29873.57
42,female,,3,no,southwest,occasional,0,42125.0,135.0,221.0,26481.35
25,male,31.2,0,no,southwest,regular,0,49014.0,138.0,162.0,18906.71
21,female,26.9,1,,southeast,occasional,0,,106.0,207.0,15393.79
29,female,24.5,0,no,southwest,occasional,0,59862.0,108.0,120.0,19888.5
39,female,38.6,1,no,northwest,none,0,57381.0,148.0,127.0,23676.64
25,male,27.4,2,yes,southeast,regular,0,39372.0,121.0,215.0,32630.69
23,male,25.8,2,yes,southeast,occasional,1,79009.0,112.0,180.0,32092.92
58,female,35.1,1,no,southeast,occasional,1,91177.0,106.0,165.0,30445.86
35,female,24.2,1,no,southeast,regular,1,19971.0,,193.0,23339.2
45,male,24.9,0,no,northeast,none,1,27822.0,145.0,181.0,29870.76
42,female,28.6,0,no,northwest,occasional,3,84063.0,132.0,160.0,25807.56
52,female,28.5,0,yes,northwest,none,3,96536.0,125.0,138.0,44985.0
52,male,30.1,3,no,southeast,none,0,15158.0,146.0,126.0,25901.47
31,female,41.1,0,no,southeast,occasional,0,79940.0,143.0,,25467.33
57,male,30.5,4,no,southwest,occasional,0,,127.0,180.0,30305.03
35,female,15.0,0,no,southwest,none,2,43027.0,164.0,229.0,25454.46
57,female,30.5,2,no,southeast,occasional,0,96753.0,118.0,180.0,24933.15
37,female,28.7,1,no,northeast,regular,0,58084.0,138.0,207.0,24485.88
23,male,28.8,2,no,southeast,regular,0,68922.0,116.0,191.0,17527.5
53,male,30.0,1,no,southwest,none,1,46177.0,136.0,197.0,28284.67
19,female,28.3,2,no,southeast,regular,1,84023.0,118.0,,20607.38
54,female,28.2,3,no,southwest,none,1,80358.0,129.0,179.0,32400.29
20,female,32.2,1,no,southwest,occasional,1,99944.0,158.0,152.0,21811.22
27,male,25.2,0,no,northwest,occasional,2,93693.0,136.0,222.0,20873.34
46,male,22.8,0,yes,southeast,occasional,0,61799.0,129.0,251.0,37916.65
62,female,46.6,2,no,southeast,none,2,130384.0,110.0,253.0,40159.07
37,male,24.2,1,no,northwest,occasional,1,91717.0,125.0,176.0,73557.0
23,female,29.1,1,no,northeast,none,0,73891.0,107.0,169.0,22729.22
28,male,19.5,1,no,northwest,none,3,40063.0,135.0,176.0,26648.96
60,male,29.2,0,no,northeast,occasional,2,28339.0,135.0,189.0,33287.2
52,male,22.9,2,no,southeast,none,2,30209.0,119.0,193.0,33375.02
22,female,25.8,2,no,northeast,occasional,2,542663.3649280713,147.0,160.0,21004.01
36,female,34.8,2,no,northwest,occasional,0,92301.0,145.0,143.0,29017.1
30,male,31.3,2,no,southeast,occasional,0,72716.0,124.0,197.0,21188.66
26,male,,3,no,northwest,occasional,0,48506.0,130.0,120.0,17095.71
57,female,17.9,1,no,southwest,regular,2,59011.0,113.0,191.0,30328.92
47,male,39.5,4,no,northwest,regular,1,56330.0,118.0,162.0,29711.38
26,female,21.3,0,no,northeast,none,3,79601.0,106.0,222.0,24650.42
48,male,37.7,1,,southwest,occasional,2,42666.0,115.0,232.0,31077.56
37,male,34.6,2,no,southwest,occasional,1,69693.0,120.0,232.0,33268.16
20,male,32.0,1,yes,southeast,none,0,68602.0,97.0,183.0,39169.59
39,female,23.4,0,no,southeast,none,0,43325.0,131.0,155.0,26082.12
26,male,29.4,1,yes,northeast,none,0,96936.0,137.0,166.0,36096.64
29,female,25.7,0,no,southwest,occasional,1,55497.0,122.0,205.0,23922.55
59,male,28.7,3,no,northeast,occasional,0,40159.0,90.0,137.0,28663.65
51,male,27.0,0,no,southeast,,2,80763.0,,244.0,33142.79
24,female,16.3,0,yes,northeast,occasional,1,,101.0,183.0,28956.86
58,female,35.2,1,no,southeast,occasional,0,70985.0,113.0,213.0,34908.41
44,male,28.0,0,yes,northwest,none,2,35937.0,144.0,133.0,41632.33
59,male,25.6,0,no,northwest,regular,1,79873.0,90.0,163.0,26227.47
53,male,25.1,1,no,northeast,occasional,1,109793.0,110.0,,25975.46
33,female,30.7,1,no,southeast,none,0,34218.0,134.0,231.0,25701.52
43,male,23.1,0,no,northwest,none,0,69793.0,111.0,189.0,21973.8
42,male,,1,no,southeast,none,0,44723.0,110.0,215.0,22513.07
51,male,30.9,1,no,northwest,regular,0,121171.0,152.0,197.0,25950.14
29,female,31.6,2,no,southwest,none,1,89272.0,128.0,211.0,27451.65
33,male,27.3,0,yes,northeast,none,3,68206.0,136.0,183.0,45675.58
29,female,21.6,0,yes,southwest,none,2,34987.0,,188.0,36783.66
31,male,29.0,4,yes,northwest,none,0,40307.0,124.0,192.0,43130.09
25,male,19.7,1,no,northeast,occasional,3,78418.0,141.0,209.0,26247.89
19,male,22.3,0,no,northwest,regular,0,32025.0,151.0,210.0,20665.02
62,male,24.0,2,no,northeast,occasional,0,32715.0,97.0,293.0,29700.5
21,male,33.6,0,no,northwest,regular,1,62194.0,121.0,254.0,18393.01
59,female,26.3,2,no,northwest,none,2,64935.0,121.0,133.0,30657.76
18,male,25.8,2,no,southwest,occasional,2,70361.0,116.0,190.0,20123.46
54,female,40.2,4,no,southeast,regular,1,52330.0,137.0,181.0,32600.02
33,male,,4,no,northeast,occasional,0,,126.0,240.0,20511.04
42,male,30.5,0,no,northwest,regular,0,43040.0,151.0,184.0,26460.06
31,male,26.3,2,no,northeast,none,0,75786.0,139.0,211.0,19123.81
41,male,24.9,0,no,northeast,occasional,1,66711.0,142.0,120.0,26201.69
39,female,15.4,1,no,northwest,occasional,0,75214.0,104.0,142.0,22744.35
42,male,34.3,1,no,northeast,none,0,88004.0,110.0,268.0,26659.65
36,female,31.2,0,no,northeast,regular,0,51983.0,111.0,197.0,23532.72
43,female,27.4,0,no,southwest,none,1,47456.0,142.0,160.0,25778.18
56,female,27.7,0,no,southeast,none,1,24855.0,107.0,204.0,32428.15
38,male,32.9,0,no,southwest,regular,0,17582.0,108.0,158.0,20265.97
34,male,19.2,0,no,northwest,,0,58129.0,105.0,185.0,17875.54
24,female,,3,no,southwest,regular,1,59634.0,163.0,144.0,23290.06
34,male,21.7,1,no,northwest,regular,1,38106.0,120.0,167.0,20546.06
23,male,39.1,2,yes,northeast,none,0,42836.0,130.0,180.0,36463.68
26,female,33.8,2,yes,southwest,occasional,0,95516.0,105.0,234.0,39959.57
62,female,15.3,2,yes,northeast,,2,81268.0,136.0,211.0,39318.78
22,female,19.4,0,yes,northwest,none,1,34245.0,95.0,217.0,31716.24
40,male,27.7,3,no,southwest,occasional,0,52268.0,107.0,194.0,25600.75
57,female,,2,no,southeast,regular,1,70932.0,111.0,224.0,29790.94
62,male,20.6,2,no,southeast,none,1,48218.0,125.0,164.0,36009.49
24,female,40.2,3,no,northwest,regular,0,44209.0,110.0,,24851.55
25,female,30.4,1,no,northeast,occasional,0,54559.0,145.0,209.0,21443.59
35,female,31.3,1,no,southwest,regular,3,85995.0,130.0,185.0,29678.88
44,female,24.3,3,no,northeast,occasional,0,87991.0,112.0,195.0,25025.91
63,male,32.8,1,no,northwest,occasional,0,45820.0,137.0,189.0,31571.33
27,male,26.2,2,no,northeast,regular,1,72132.0,116.0,239.0,22698.8
25,male,26.8,0,yes,southwest,none,0,61859.0,113.0,,33356.57
29,male,32.2,0,no,southwest,occasional,1,39819.0,135.0,173.0,24344.11
59,female,18.7,1,yes,northwest,regular,0,55464.0,,133.0,34974.06
19,male,38.1,0,no,southwest,regular,0,34187.0,133.0,170.0,16296.62
35,female,29.6,4,no,northeast,regular,0,87587.0,111.0,164.0,25705.09
23,male,36.2,0,no,southwest,occasional,3,96154.0,111.0,224.0,26222.4
25,male,22.0,2,no,northeast,,1,52967.0,151.0,227.0,22114.18
61,male,,0,yes,northwest,occasional,2,47720.0,114.0,159.0,41915.19
18,female,21.5,4,no,northeast,occasional,0,85201.0,136.0,169.0,16030.68
33,female,30.0,0,no,southwest,occasional,1,88755.0,126.0,143.0,21048.2
61,female,28.9,0,no,southwest,none,0,37483.0,128.0,200.0,32233.32
46,male,25.7,0,no,southeast,none,1,58743.0,118.0,193.0,29948.42
21,male,22.4,1,yes,northeast,occasional,0,60703.0,117.0,223.0,31277.24
39,female,20.9,5,no,northwest,none,1,45043.0,145.0,212.0,25348.18
63,female,28.2,4,no,northwest,none,0,70492.0,136.0,216.0,28782.28
36,male,25.7,0,yes,northwest,none,0,46601.0,115.0,,36998.54
42,female,24.4,1,no,northeast,regular,1,50114.0,106.0,173.0,22351.12
42,male,37.8,0,yes,southeast,regular,0,59770.0,113.0,,39544.95
49,male,28.0,1,no,southeast,occasional,0,29241.0,137.0,176.0,26920.42
26,female,36.1,1,no,southwest,regular,2,16758.0,140.0,138.0,24893.89
57,male,25.3,0,yes,northwest,regular,0,82202.0,130.0,223.0,36627.47
64,male,30.0,1,no,northwest,none,1,45713.0,98.0,175.0,29485.56
24,female,28.2,3,no,southeast,none,2,108967.0,133.0,232.0,27326.53
56,female,18.3,0,no,northeast,none,1,105380.0,142.0,,26077.96
56,male,37.1,0,no,southeast,none,0,50857.0,125.0,185.0,33053.14
52,male,27.7,0,no,southwest,occasional,1,113459.0,152.0,243.0,29592.53
35,female,33.0,0,no,northeast,none,0,82627.0,102.0,149.0,26149.08
40,female,24.0,0,no,northwest,regular,0,47803.0,132.0,245.0,20072.07
57,female,27.5,1,no,southwest,occasional,1,15000.0,107.0,173.0,29892.98
25,female,23.3,0,no,southeast,occasional,3,77139.0,138.0,201.0,25942.65
56,male,35.9,2,no,southeast,regular,0,62689.0,131.0,201.0,29613.57
61,female,30.4,3,no,southeast,regular,0,71490.0,149.0,180.0,33422.89
50,male,30.7,3,yes,southeast,regular,1,56966.0,129.0,168.0,40187.33
34,male,36.6,2,no,northeast,regular,0,36835.0,116.0,182.0,23094.19
44,female,35.4,0,no,southwest,regular,1,482789.7145547271,115.0,159.0,23453.47
20,male,33.1,0,no,southwest,occasional,0,77546.0,118.0,264.0,19116.89
61,female,20.0,0,no,northeast,regular,0,54204.0,114.0,178.0,24698.1
34,male,24.3,4,no,northeast,none,1,,142.0,236.0,28493.02
20,female,22.5,4,no,southeast,occasional,3,28573.0,141.0,231.0,25250.07
55,female,32.9,0,no,southeast,occasional,0,64006.0,100.0,208.0,27757.15
48,male,29.5,0,no,northwest,none,2,37537.0,123.0,190.0,27077.56
47,male,20.2,1,no,southeast,none,0,82208.0,123.0,202.0,21766.97
20,female,27.4,0,yes,southeast,none,0,45850.0,110.0,215.0,34211.05
53,male,19.5,4,no,southeast,none,0,55495.0,129.0,199.0,29306.22
47,male,28.2,0,yes,northeast,none,0,109608.0,144.0,140.0,39078.28
55,male,18.6,0,no,northeast,,1,55255.0,135.0,131.0,28296.21
56,female,31.7,1,yes,northwest,regular,0,52307.0,142.0,248.0,41587.95
27,male,30.8,0,yes,southwest,occasional,0,74884.0,111.0,120.0,32992.27
27,female,39.9,0,,southeast,occasional,0,22724.0,123.0,202.0,39311.58
61,male,33.6,3,no,northwest,none,1,89518.0,111.0,187.0,37585.64
42,male,26.0,0,no,southwest,regular,2,83867.0,126.0,201.0,26394.58
38,male,33.4,1,no,northwest,none,0,73538.0,127.0,155.0,21439.3
31,female,20.1,0,no,southeast,none,0,15000.0,136.0,207.0,22562.64
48,male,22.7,0,no,northeast,occasional,3,56293.0,142.0,202.0,34245.87
53,male,30.5,0,yes,southeast,regular,0,33997.0,132.0,292.0,42536.58
18,female,15.6,0,yes,southeast,regular,1,86730.0,109.0,200.0,25675.5
43,male,28.3,0,no,southwest,regular,1,85156.0,102.0,242.0,27179.74
64,male,22.4,0,no,northwest,occasional,2,70536.0,130.0,143.0,34937.24
31,male,29.1,2,no,northwest,occasional,0,35532.0,145.0,231.0,25208.08
31,male,22.0,2,no,northeast,occasional,0,94874.0,122.0,203.0,16720.89
59,female,31.0,4,no,southwest,none,0,56230.0,99.0,204.0,33274.38
20,female,28.6,1,yes,northeast,none,0,101718.0,153.0,,35796.38
36,female,36.9,2,no,southeast,regular,0,67839.0,129.0,255.0,24822.46
39,female,28.5,2,yes,southeast,regular,3,73150.0,125.0,204.0,46608.8
55,male,23.9,0,no,northeast,none,0,51873.0,104.0,,27247.88
24,male,27.0,0,no,northwest,none,0,92953.0,122.0,173.0,22127.1
38,male,20.4,1,no,northeast,none,0,75386.0,132.0,224.0,20209.21
25,female,30.9,2,yes,southeast,occasional,0,93744.0,130.0,211.0,37438.34
55,male,32.0,1,no,southwest,none,0,65906.0,112.0,141.0,26890.17
47,female,43.3,0,yes,northwest,occasional,0,60965.0,121.0,,46349.01
41,male,24.8,5,no,southwest,none,1,75093.0,113.0,157.0,30120.52
36,female,26.9,0,yes,northeast,none,1,93736.0,147.0,210.0,36507.94
25,male,25.0,4,yes,northwest,none,0,84368.0,135.0,167.0,31703.73
61,female,29.8,2,no,southwest,regular,1,65041.0,114.0,185.0,32986.88
48,female,30.8,2,yes,southwest,none,0,21141.0,104.0,176.0,41880.37
33,female,28.2,2,no,northwest,occasional,0,79828.0,126.0,248.0,25764.47
37,male,35.0,0,,southeast,,2,30348.0,115.0,209.0,27693.58
52,male,24.8,1,no,southwest,regular,2,62770.0,116.0,239.0,29231.54
51,female,34.4,2,no,southwest,none,0,59453.0,105.0,296.0,32691.07
39,male,31.7,2,no,southeast,occasional,0,30809.0,107.0,197.0,26134.2
32,female,28.4,0,no,northeast,none,0,70195.0,124.0,248.0,19499.98
49,female,26.6,0,no,northeast,,0,109395.0,118.0,171.0,31101.14
48,female,43.1,0,yes,southeast,occasional,1,55123.0,159.0,239.0,50263.62
46,female,23.6,1,no,southeast,regular,0,,131.0,167.0,20289.69
21,female,30.3,1,yes,northeast,,2,113825.0,105.0,194.0,37325.94
40,male,24.0,2,no,northwest,regular,1,80977.0,99.0,214.0,24414.21
46,male,39.2,2,no,northwest,regular,0,,128.0,219.0,31295.38
62,male,33.8,2,no,southeast,none,2,67214.0,116.0,150.0,38384.86
42,male,24.4,0,no,northwest,occasional,1,72577.0,142.0,165.0,23879.23
34,female,31.6,1,yes,northwest,none,0,93544.0,126.0,216.0,35071.25
44,male,30.0,0,no,northeast,none,0,88709.0,92.0,182.0,26352.16
26,male,25.4,0,no,southwest,occasional,2,15000.0,107.0,146.0,18190.68
22,female,33.0,0,no,southeast,occasional,3,43163.0,112.0,193.0,29196.89
49,female,30.8,0,no,northeast,occasional,0,60459.0,129.0,191.0,25425.1
64,male,29.8,0,yes,northwest,regular,1,39664.0,106.0,201.0,46318.26
57,female,28.2,1,no,northwest,occasional,2,15000.0,124.0,214.0,30923.43
45,male,,0,no,southeast,,3,46036.0,102.0,211.0,29780.38
19,female,29.9,0,yes,southeast,regular,0,61921.0,122.0,168.0,30328.18
64,female,28.9,0,no,southeast,regular,0,50444.0,128.0,181.0,30969.6
39,female,,1,no,southeast,none,2,40067.0,144.0,227.0,27341.77
31,female,38.7,1,no,northeast,occasional,0,62912.0,126.0,176.0,27018.12
59,female,22.2,0,no,northwest,occasional,0,,110.0,181.0,24259.39
53,female,31.1,0,no,northeast,regular,1,51691.0,144.0,142.0,28329.12
53,female,26.6,4,no,northwest,none,0,92178.0,119.0,194.0,28722.53
31,male,39.1,1,no,northwest,none,1,,134.0,207.0,28710.33
64,female,23.1,2,no,southeast,none,0,42827.0,113.0,126.0,27079.44
39,female,24.1,1,no,northeast,none,1,37260.0,123.0,158.0,26536.34
42,female,22.7,2,yes,southeast,regular,0,57315.0,110.0,145.0,34654.79
53,female,30.4,3,no,northwest,none,1,86495.0,127.0,223.0,33157.6
49,female,20.3,0,yes,northwest,occasional,0,43879.0,134.0,128.0,35552.78
26,male,25.6,2,yes,southeast,occasional,0,75109.0,115.0,192.0,35305.76
32,male,15.6,0,no,northeast,,3,64080.0,114.0,220.0,22390.73
34,male,29.9,1,no,northwest,none,1,105851.0,127.0,202.0,23877.48
62,female,25.5,0,yes,northwest,occasional,0,70586.0,110.0,180.0,42171.74
51,female,19.6,0,no,southeast,occasional,0,46639.0,99.0,207.0,22472.23
35,male,35.0,4,no,northeast,regular,1,,127.0,231.0,31469.53
52,male,20.7,3,no,southwest,occasional,3,78940.0,120.0,191.0,30985.08
52,female,33.3,0,no,southwest,regular,0,53266.0,120.0,120.0,23166.95
36,female,24.3,5,no,southwest,none,2,36392.0,130.0,235.0,27658.41
36,female,38.1,0,no,northwest,regular,0,73793.0,132.0,209.0,22870.36
60,male,,1,,southeast,occasional,1,63397.0,120.0,194.0,35362.83
44,male,22.5,3,no,northeast,occasional,0,28636.0,105.0,126.0,24771.25
25,male,23.0,0,no,southwest,occasional,0,67599.0,112.0,185.0,17244.31
51,male,32.1,1,no,southeast,none,2,47986.0,131.0,164.0,33723.22
45,female,26.9,2,no,northeast,none,0,28657.0,124.0,152.0,25829.48
41,male,27.5,0,no,northwest,regular,2,54253.0,114.0,190.0,27848.87
52,female,36.1,1,no,southwest,regular,0,90224.0,110.0,176.0,29180.73
60,female,24.0,0,no,southwest,none,0,88577.0,131.0,179.0,29333.64
33,male,29.0,2,yes,southeast,occasional,2,82829.0,119.0,221.0,41103.62
37,male,34.2,0,no,southeast,occasional,1,67923.0,133.0,204.0,26083.88
26,female,33.4,0,no,southeast,occasional,0,75108.0,135.0,178.0,23610.71
48,male,27.5,2,no,southwest,none,1,,117.0,173.0,31902.27
36,male,26.8,0,no,southwest,regular,0,37689.0,136.0,179.0,23572.47
34,female,18.1,1,no,northwest,,2,42079.0,124.0,186.0,26047.33
50,female,22.2,2,yes,southeast,occasional,0,48642.0,126.0,215.0,39699.9
37,female,30.4,2,no,southwest,occasional,0,92830.0,90.0,159.0,20831.7
39,male,27.7,0,yes,northeast,occasional,0,85687.0,107.0,246.0,35672.64
38,male,28.9,3,no,northwest,none,1,38243.0,108.0,215.0,30324.08
30,male,34.7,2,no,northeast,regular,2,63175.0,,120.0,22013.02
23,male,21.4,0,no,northwest,none,2,53143.0,124.0,198.0,24738.89
56,male,27.1,2,no,southwest,,0,58588.0,124.0,231.0,25948.85
22,female,29.6,2,no,northeast,regular,0,50207.0,126.0,209.0,24262.63
33,male,24.3,1,no,southeast,occasional,0,92925.0,112.0,181.0,20627.98
49,female,37.1,1,no,northeast,occasional,2,61584.0,132.0,193.0,35138.32
24,female,34.0,2,no,southwest,none,0,66755.0,149.0,201.0,29012.08
48,female,30.2,5,yes,southwest,occasional,1,66934.0,117.0,222.0,44113.94
52,male,39.3,1,no,southeast,occasional,0,39389.0,112.0,145.0,29675.19
49,male,19.5,2,no,southeast,none,3,64388.0,,174.0,28798.8
32,female,28.5,2,no,northeast,none,0,85371.0,123.0,252.0,22198.59
18,male,30.7,3,no,southwest,regular,0,94399.0,114.0,196.0,18116.79
59,female,23.0,4,,southeast,none,2,36748.0,96.0,248.0,46271.36
33,male,30.3,0,no,northeast,none,3,28591.0,100.0,299.0,27638.07
55,male,21.9,0,no,southwest,none,1,63367.0,137.0,178.0,27460.47
27,female,32.6,1,no,northeast,occasional,1,86402.0,141.0,153.0,25036.92
25,female,34.8,1,no,southeast,occasional,1,69911.0,146.0,186.0,23152.36
54,male,30.1,1,no,northeast,regular,0,76967.0,,233.0,27730.74
62,female,17.4,2,no,southeast,occasional,0,32075.0,107.0,238.0,30338.01
58,male,22.7,3,yes,northeast,none,1,49416.0,115.0,275.0,42150.37
53,female,31.9,0,no,northeast,occasional,1,15000.0,100.0,194.0,34166.67
29,female,28.6,2,no,northwest,none,0,58865.0,99.0,212.0,20706.69
60,female,15.0,0,no,southwest,regular,0,,126.0,170.0,23433.99
49,female,36.0,1,no,northwest,none,1,91319.0,130.0,120.0,33303.88
26,male,29.3,0,no,southeast,none,0,96206.0,151.0,194.0,25630.72
24,female,23.6,1,no,southeast,occasional,1,65094.0,121.0,155.0,21129.23
58,male,34.5,1,no,southwest,,1,28723.0,102.0,218.0,31853.2
30,male,24.4,2,no,northwest,occasional,0,70266.0,120.0,129.0,17648.75
53,male,24.4,1,no,southeast,occasional,0,102901.0,118.0,169.0,24576.63
24,male,30.7,0,no,southwest,regular,0,,115.0,204.0,23310.5
31,female,39.2,0,yes,northwest,none,0,88070.0,127.0,208.0,39971.8
31,male,38.2,0,no,northwest,occasional,1,51326.0,104.0,193.0,26589.68
31,male,30.7,4,no,southwest,occasional,1,42833.0,124.0,260.0,24463.4
49,male,31.3,3,no,northwest,none,2,60441.0,132.0,,31195.28
60,female,,0,no,northwest,occasional,0,19612.0,143.0,171.0,30407.61
60,female,21.0,0,no,northwest,regular,1,111810.0,127.0,251.0,26886.32
52,female,,1,yes,southwest,regular,0,65072.0,138.0,257.0,42491.96
27,male,24.1,2,no,southwest,,2,81069.0,115.0,191.0,18964.77
63,male,30.4,0,no,southeast,occasional,0,51847.0,117.0,197.0,30363.94
43,female,27.1,0,yes,southeast,occasional,1,28052.0,142.0,193.0,44140.19
43,female,31.5,0,yes,northwest,regular,0,93368.0,101.0,172.0,35789.84
50,female,29.2,0,no,northeast,none,0,37270.0,,176.0,29219.28
54,female,15.0,0,no,northeast,occasional,3,69674.0,139.0,241.0,21901.7
62,female,29.6,0,yes,northeast,regular,0,71748.0,119.0,210.0,41443.85
45,female,32.4,1,yes,northeast,regular,0,63627.0,118.0,176.0,35889.63
46,male,31.2,1,no,southeast,regular,1,44739.0,118.0,163.0,30236.69
53,male,27.9,0,yes,northeast,none,0,58708.0,124.0,168.0,43490.48
29,male,38.4,1,no,northeast,occasional,0,41099.0,138.0,189.0,22973.07
32,male,,1,yes,northwest,none,0,79802.0,136.0,227.0,38899.2
47,male,31.1,2,no,northwest,regular,0,74574.0,122.0,165.0,28258.46
21,female,34.8,4,no,northeast,occasional,2,,138.0,227.0,30660.71
33,male,30.7,0,no,northeast,none,1,49496.0,127.0,,24984.28
51,male,23.1,3,no,northwest,regular,0,108361.0,135.0,200.0,20176.07
63,male,15.0,2,yes,southeast,occasional,0,33355.0,107.0,231.0,37452.79
42,male,25.6,2,no,southeast,occasional,2,28019.0,148.0,225.0,31153.44
36,male,,0,yes,southwest,regular,2,60196.0,125.0,146.0,45383.78
38,male,26.4,0,yes,southeast,,0,56323.0,90.0,157.0,35375.19
50,female,33.3,0,no,southeast,occasional,1,86147.0,147.0,187.0,29144.4
43,female,29.4,5,no,southwest,none,0,76215.0,122.0,207.0,33216.74
19,male,36.2,1,no,southeast,none,0,62650.0,116.0,243.0,24129.01
43,female,26.7,0,yes,southeast,none,2,73007.0,113.0,197.0,39896.88
36,female,,1,no,northwest,none,2,72608.0,129.0,255.0,29157.97
50,female,31.5,0,no,northwest,none,0,,109.0,170.0,29204.73
59,male,37.5,0,no,northwest,occasional,2,67574.0,113.0,176.0,34419.88
63,female,18.3,1,no,northeast,occasional,1,47016.0,114.0,184.0,30110.53
46,male,25.7,1,no,southwest,none,1,66367.0,118.0,166.0,23271.52
35,male,33.6,2,no,northeast,occasional,1,15000.0,,236.0,24605.82
38,male,37.8,1,no,southeast,regular,0,61282.0,135.0,120.0,23910.19
26,female,,1,no,southwest,none,2,86046.0,126.0,177.0,24660.99
61,male,26.7,2,yes,southeast,occasional,0,75248.0,128.0,235.0,45035.7
57,male,33.0,0,no,northeast,none,0,68568.0,131.0,184.0,32039.6
58,male,33.7,2,no,northwest,occasional,0,76283.0,121.0,233.0,36552.32
33,male,,2,yes,northwest,occasional,1,86272.0,107.0,272.0,36576.09
33,female,30.5,0,no,southwest,none,0,93355.0,149.0,198.0,23070.8
58,male,35.6,0,yes,southeast,none,0,71844.0,136.0,236.0,45943.18
43,male,39.8,0,no,southeast,regular,1,55046.0,146.0,280.0,33783.47
51,male,33.0,0,no,southeast,none,0,15000.0,138.0,209.0,32521.69
41,male,28.8,1,no,southeast,occasional,0,83520.0,115.0,193.0,23640.08
38,male,28.2,0,no,southeast,occasional,0,73334.0,90.0,227.0,27687.3
47,female,31.8,1,no,northeast,none,1,65359.0,,236.0,28647.99
56,male,27.8,0,no,northeast,occasional,0,46863.0,132.0,194.0,30230.37
33,male,29.6,0,no,northeast,occasional,0,83233.0,120.0,178.0,25278.02
56,female,22.2,0,no,southeast,none,0,56341.0,116.0,255.0,24629.16
29,female,36.3,0,no,southwest,regular,2,61243.0,90.0,186.0,26646.82
36,male,21.7,5,no,southeast,occasional,1,60768.0,122.0,237.0,19621.83
60,male,25.9,0,no,southeast,occasional,0,71897.0,106.0,204.0,29819.68
62,male,29.1,0,no,southwest,none,2,36730.0,111.0,,32301.55
61,female,40.4,0,no,northeast,none,2,74376.0,135.0,165.0,39021.93
32,male,26.0,0,yes,northeast,occasional,1,46140.0,107.0,165.0,37680.42
57,male,24.5,1,yes,southwest,occasional,0,46912.0,108.0,225.0,43252.66
61,female,25.2,2,no,southwest,none,0,81475.0,125.0,155.0,30935.57
63,male,38.5,0,yes,southeast,occasional,1,40109.0,135.0,199.0,50738.53
18,male,,1,yes,northwest,occasional,0,81436.0,116.0,249.0,26195.21
53,female,22.5,1,no,southwest,none,0,64230.0,144.0,133.0,25554.42
64,male,44.9,3,no,southwest,regular,0,25738.0,103.0,209.0,33159.84
53,female,32.0,1,no,southeast,occasional,0,92018.0,100.0,237.0,28559.21
28,female,21.9,0,no,northeast,occasional,1,68826.0,,194.0,19265.17
53,male,28.2,2,no,southeast,regular,0,70671.0,97.0,163.0,24562.24
22,female,28.9,2,no,southwest,occasional,1,84159.0,127.0,186.0,17926.74
40,female,33.6,1,no,southwest,regular,1,94983.0,107.0,166.0,22992.81
47,female,39.5,5,no,southeast,regular,0,66423.0,101.0,197.0,23699.06
39,male,30.8,3,no,southeast,occasional,0,75580.0,128.0,185.0,25283.35
50,male,25.3,0,no,southeast,occasional,0,70166.0,134.0,177.0,26290.43
29,male,33.2,2,no,southeast,regular,0,54457.0,138.0,211.0,17613.53
46,female,24.3,1,yes,northwest,regular,1,27164.0,135.0,250.0,40341.12
48,male,,1,no,northeast,none,1,66728.0,108.0,206.0,26625.64
47,female,17.9,1,no,northeast,none,2,92337.0,,242.0,25252.79
31,female,19.1,3,no,southwest,occasional,3,74833.0,129.0,250.0,25029.02
32,female,23.1,1,yes,northeast,regular,0,38517.0,115.0,174.0,35096.7
30,male,21.4,1,no,northeast,regular,1,86145.0,124.0,205.0,18316.2
39,male,30.4,0,no,southwest,regular,0,55192.0,103.0,180.0,22519.7
45,female,21.3,1,no,southeast,none,0,15975.0,113.0,143.0,24283.61
35,male,15.0,3,no,northeast,regular,0,84394.0,128.0,207.0,16932.57
37,male,22.2,2,yes,northwest,none,0,41202.0,145.0,158.0,38096.39
31,female,25.7,0,no,southwest,occasional,1,101176.0,139.0,212.0,23452.75
28,female,24.9,3,no,northwest,occasional,1,87251.0,132.0,141.0,21220.79
48,female,37.6,2,yes,northwest,occasional,0,56988.0,123.0,201.0,49659.18
56,female,24.8,1,no,northwest,occasional,0,72106.0,,140.0,28053.25
31,male,33.8,0,no,northeast,none,1,115326.0,100.0,219.0,22092.14
58,male,28.4,1,no,southeast,none,1,84000.0,109.0,181.0,30465.85
44,male,28.2,0,no,northeast,regular,1,67240.0,110.0,178.0,30677.65
25,male,23.5,0,no,southeast,none,0,125561.0,131.0,234.0,17759.96
35,female,28.1,1,no,northeast,occasional,0,,136.0,184.0,23214.59
18,male,23.9,3,no,northeast,none,1,74800.0,133.0,199.0,23876.99
19,female,29.5,0,yes,northeast,none,1,41403.0,140.0,188.0,37611.5
33,female,27.1,3,no,southwest,none,0,25156.0,123.0,213.0,25708.61
39,female,22.8,3,no,northeast,occasional,0,55668.0,107.0,232.0,24939.03
55,male,34.5,0,no,northwest,occasional,0,62845.0,121.0,224.0,29657.48
24,male,31.1,0,no,northeast,none,1,69244.0,111.0,179.0,21221.93
57,female,25.8,2,,southeast,regular,0,30765.0,132.0,237.0,29422.42
29,female,29.4,2,yes,northwest,none,1,76535.0,117.0,163.0,37260.75
24,male,28.0,0,yes,southwest,regular,2,43732.0,121.0,169.0,34754.1
50,male,23.3,1,no,southeast,none,0,75392.0,132.0,191.0,29589.87
54,female,28.9,1,no,southeast,regular,0,82568.0,111.0,232.0,26697.54
46,female,24.8,2,no,southeast,none,0,53299.0,136.0,154.0,29710.29
23,male,22.8,2,yes,northeast,occasional,0,40796.0,102.0,226.0,32738.7
23,male,18.8,0,no,southwest,occasional,2,95960.0,127.0,193.0,19219.03
36,female,26.3,0,no,southwest,occasional,3,81204.0,121.0,180.0,23080.55
39,female,31.9,0,no,northwest,regular,0,65343.0,134.0,233.0,28803.31
64,female,24.3,3,no,southeast,none,2,94305.0,,167.0,33891.65
31,male,43.6,3,no,northeast,occasional,0,63832.0,99.0,275.0,23745.96
27,male,33.8,2,no,southeast,regular,1,48349.0,133.0,189.0,26888.6
62,female,36.3,0,no,southwest,regular,1,39963.0,116.0,200.0,32633.73
25,female,33.3,1,no,southwest,occasional,0,59628.0,121.0,249.0,20437.57
19,female,39.6,0,no,northwest,occasional,0,,112.0,201.0,23619.69
37,male,23.8,0,no,southeast,regular,1,92575.0,136.0,237.0,17859.49
36,male,15.0,0,yes,southeast,regular,0,62517.0,,127.0,27958.92
47,male,25.8,2,yes,northeast,regular,3,88689.0,126.0,180.0,43417.56
59,male,31.8,0,yes,southeast,regular,0,57286.0,104.0,,45178.67
61,female,29.4,1,yes,southeast,occasional,0,44805.0,130.0,,50048.33
31,male,30.2,5,no,southwest,occasional,2,33261.0,107.0,222.0,27563.46
64,female,36.4,2,yes,southwest,,0,50863.0,112.0,219.0,49170.43
47,female,30.8,0,no,northeast,none,0,34090.0,102.0,232.0,33559.09
21,female,33.3,3,yes,northeast,regular,0,106209.0,120.0,212.0,35707.58
62,female,22.9,1,no,northeast,occasional,0,71665.0,138.0,120.0,28335.38
24,male,21.9,1,yes,northeast,,0,59896.0,125.0,245.0,30435.24
45,female,,1,no,northwest,occasional,0,99884.0,,166.0,32007.63
55,male,29.1,3,no,southwest,none,0,33350.0,124.0,206.0,28569.05
29,male,24.8,1,no,northwest,none,0,58983.0,124.0,201.0,21403.92
30,male,24.8,1,no,southeast,occasional,2,105993.0,123.0,197.0,24930.55
40,male,24.6,1,no,northwest,occasional,2,58831.0,125.0,156.0,26030.42
59,female,24.2,0,no,northwest,occasional,0,115830.0,106.0,127.0,24264.19
28,male,20.8,2,yes,southwest,,3,79283.0,124.0,160.0,38725.79
49,male,19.5,0,no,southeast,occasional,2,90730.0,96.0,224.0,30676.24
39,male,27.3,0,no,northwest,none,2,91368.0,131.0,144.0,31777.58
23,male,24.9,0,no,southwest,regular,1,62035.0,105.0,164.0,17703.55
51,female,35.1,0,no,southeast,none,0,51259.0,140.0,210.0,29665.14
57,male,30.3,0,no,northeast,regular,0,59460.0,90.0,159.0,24925.88
45,female,30.1,1,yes,southeast,none,2,40287.0,147.0,176.0,51544.35
26,male,,0,,southeast,none,0,60549.0,,198.0,19637.24
25,female,27.8,0,yes,northwest,occasional,2,61903.0,104.0,205.0,39292.48
37,male,30.7,3,yes,southwest,regular,1,,126.0,158.0,41096.0
41,male,,4,yes,southeast,regular,0,75052.0,131.0,200.0,46319.28
43,male,27.9,1,no,northwest,occasional,0,113978.0,118.0,209.0,23752.15
29,female,35.0,0,no,southwest,occasional,3,15000.0,135.0,150.0,25969.45
41,female,28.5,0,no,northwest,none,0,35225.0,110.0,203.0,28556.89
31,male,33.3,0,no,northwest,occasional,1,54182.0,116.0,170.0,26129.55
50,female,25.6,0,no,northeast,occasional,3,94835.0,117.0,199.0,31938.48
55,female,17.6,3,no,northwest,regular,0,59589.0,114.0,220.0,27576.07
48,male,30.1,2,no,northwest,occasional,0,29708.0,93.0,189.0,27436.5
18,male,32.9,0,yes,northeast,regular,0,56607.0,122.0,227.0,37226.35
64,female,32.0,4,no,southeast,regular,2,35653.0,120.0,223.0,37181.89
19,female,31.0,1,no,northeast,none,0,31340.0,138.0,227.0,23637.93
64,female,26.4,0,no,northeast,occasional,0,105974.0,103.0,209.0,30022.16
19,male,,1,no,southeast,regular,0,54265.0,112.0,234.0,16290.32
42,male,31.8,0,no,northwest,occasional,0,65809.0,140.0,208.0,25098.91
22,male,31.1,3,no,southeast,occasional,0,59955.0,126.0,137.0,20209.88
22,male,25.1,0,no,southeast,regular,0,56467.0,130.0,167.0,17800.2
50,female,35.2,1,no,northwest,none,2,43505.0,129.0,188.0,32491.21
52,male,23.2,0,no,northeast,regular,0,55166.0,129.0,192.0,25312.32
23,male,25.0,3,yes,southeast,occasional,1,69419.0,149.0,208.0,37251.51
63,male,38.3,1,yes,northeast,occasional,2,93210.0,123.0,167.0,52236.5
33,male,33.7,1,no,southeast,,1,82844.0,107.0,265.0,28375.17
32,female,26.4,0,no,southeast,occasional,1,35181.0,132.0,191.0,22227.73
31,male,30.2,3,no,southeast,none,0,83748.0,114.0,195.0,23795.66
39,female,29.4,1,no,northwest,none,1,,120.0,172.0,22603.82
26,male,15.0,0,no,southwest,occasional,0,48256.0,128.0,160.0,14729.26
37,male,,3,yes,northeast,none,0,66006.0,110.0,191.0,34669.19
27,male,28.2,0,no,southwest,occasional,1,74590.0,114.0,196.0,21946.32
20,female,26.4,0,no,southwest,none,0,63035.0,129.0,192.0,17077.98
35,male,30.0,1,no,northwest,none,0,72565.0,,,20053.26
49,male,35.3,0,no,northeast,none,1,43015.0,137.0,191.0,36568.31
53,female,26.6,1,no,northeast,occasional,0,105842.0,107.0,192.0,25948.49
34,female,22.2,0,no,southwest,none,0,19556.0,107.0,224.0,24113.3
33,male,30.4,0,yes,northeast,none,0,74713.0,151.0,189.0,37196.77
55,female,26.5,0,no,southwest,occasional,0,70069.0,99.0,214.0,30064.58
50,female,27.6,0,,southeast,occasional,0,76145.0,122.0,150.0,23079.68
57,male,26.7,4,no,northwest,occasional,0,46416.0,150.0,151.0,29448.61
60,female,42.0,1,yes,southeast,none,0,87722.0,122.0,199.0,47956.08
56,male,15.1,1,yes,northeast,regular,1,59624.0,142.0,187.0,43778.14
62,male,26.2,0,yes,northwest,occasional,3,35903.0,132.0,167.0,47126.01
37,female,28.5,2,no,southwest,occasional,1,37914.0,122.0,199.0,27525.94
36,male,23.8,0,no,northeast,none,0,64744.0,120.0,202.0,23172.29
33,female,33.9,0,no,southwest,none,1,26877.0,90.0,170.0,25337.36
29,female,33.4,1,no,southwest,occasional,2,101611.0,,177.0,27215.54
53,male,28.2,1,yes,northeast,none,2,85076.0,125.0,203.0,49362.88
51,male,26.9,2,no,southeast,occasional,0,102191.0,125.0,159.0,28148.29
55,male,27.8,3,yes,northeast,none,0,99871.0,159.0,174.0,44510.92
25,female,27.9,2,no,southeast,none,0,54258.0,126.0,214.0,23414.48
41,male,28.0,0,yes,southwest,none,1,42875.0,131.0,194.0,44834.59
28,male,27.4,0,no,southwest,none,0,15000.0,139.0,178.0,20329.02
59,female,30.0,0,yes,southwest,occasional,2,53063.0,130.0,163.0,42496.2
30,female,33.0,2,no,northeast,none,0,100844.0,121.0,160.0,21616.32
24,female,21.1,3,yes,southeast,occasional,1,,121.0,190.0,31931.18
44,male,22.2,3,,northeast,none,0,57382.0,117.0,266.0,24037.66
59,female,18.0,0,yes,southwest,occasional,0,49799.0,129.0,215.0,36470.61
61,female,33.7,3,no,northeast,regular,0,70250.0,119.0,148.0,30710.08
22,female,30.0,1,no,northeast,regular,1,90294.0,131.0,220.0,22235.14
33,male,31.5,2,no,northeast,occasional,0,28137.0,107.0,,23999.13
25,female,,1,no,northeast,occasional,0,32349.0,124.0,195.0,16142.99
32,male,39.2,0,no,northeast,occasional,1,94706.0,145.0,174.0,29621.76
43,female,24.8,0,no,northeast,regular,2,78127.0,119.0,266.0,28302.29
31,male,29.5,4,no,southwest,occasional,1,56294.0,150.0,155.0,28878.7
21,male,33.6,1,yes,southwest,none,1,99556.0,124.0,206.0,40059.65
41,female,22.6,0,no,northwest,regular,0,31969.0,121.0,171.0,19698.15
20,female,25.2,0,no,southwest,none,2,82487.0,124.0,221.0,25132.13
28,female,29.6,0,yes,northwest,regular,0,60499.0,117.0,205.0,34571.89
18,male,45.6,4,no,southwest,none,2,75344.0,92.0,239.0,31938.18
22,female,30.3,0,no,northwest,none,1,15000.0,,220.0,24586.95
38,male,38.1,0,no,southeast,regular,0,56265.0,155.0,171.0,26049.44
57,female,,2,no,northwest,occasional,0,78210.0,129.0,297.0,32843.35
54,female,30.7,1,no,northeast,occasional,1,60607.0,130.0,214.0,30712.55
22,female,22.6,0,no,southeast,regular,1,89617.0,119.0,176.0,16141.05
19,female,34.9,0,yes,southeast,regular,1,88880.0,139.0,202.0,32164.15
33,female,19.5,0,no,southeast,occasional,3,40912.0,121.0,217.0,23754.98
48,female,,0,no,northwest,regular,0,80128.0,126.0,216.0,28507.65
53,male,29.7,0,no,southeast,occasional,0,40161.0,99.0,212.0,29986.64
56,male,15.0,0,yes,southwest,none,1,63188.0,114.0,229.0,40642.43
34,male,26.5,2,no,northeast,regular,0,76435.0,128.0,,21585.11
25,female,32.4,3,,northeast,occasional,1,43624.0,136.0,165.0,23162.12
19,female,27.1,3,no,northwest,regular,2,79312.0,,,22744.03
24,male,32.8,0,no,northeast,,0,50882.0,98.0,,20475.46
21,male,23.4,0,no,northwest,none,2,49225.0,100.0,223.0,16782.51
58,male,20.7,5,no,northeast,none,1,,131.0,196.0,27744.5
30,male,28.1,2,no,southeast,occasional,0,43609.0,111.0,197.0,25213.99
56,male,28.7,1,no,southeast,regular,2,42490.0,135.0,184.0,35880.07
43,female,26.4,0,no,southwest,occasional,1,84905.0,98.0,188.0,26348.05
43,female,35.9,0,no,southeast,none,0,64388.0,121.0,120.0,27027.51
39,male,23.4,1,no,northwest,occasional,0,30009.0,121.0,249.0,19644.41
56,male,30.4,1,no,southwest,none,0,80824.0,129.0,236.0,29860.21
20,female,28.9,0,no,southeast,occasional,1,53055.0,107.0,136.0,21217.83
22,female,19.2,4,no,southeast,occasional,0,31134.0,92.0,226.0,19947.2
37,female,20.6,1,no,northeast,none,0,15000.0,125.0,195.0,23554.38
36,male,28.6,1,no,southeast,occasional,2,81875.0,130.0,188.0,30009.55
43,male,40.4,0,no,southeast,,1,43082.0,137.0,212.0,35685.17
52,male,32.0,2,yes,southeast,none,1,34635.0,117.0,134.0,44700.41
45,female,18.1,2,no,southwest,occasional,3,76067.0,134.0,195.0,34234.42
30,female,15.0,0,,southwest,occasional,0,79727.0,129.0,198.0,11997.23
33,female,32.9,1,no,southwest,occasional,0,44684.0,142.0,198.0,22485.98
53,male,27.9,1,no,southeast,none,1,82078.0,121.0,147.0,30112.69
27,male,35.3,2,no,southwest,none,0,107208.0,96.0,211.0,24992.03
41,female,23.2,0,no,southwest,regular,0,91627.0,121.0,232.0,20986.89
43,female,30.6,3,no,northeast,none,1,88203.0,123.0,209.0,28597.5
53,female,33.6,1,yes,southeast,regular,0,68911.0,130.0,187.0,48091.04
51,male,25.8,0,no,northeast,occasional,0,52238.0,99.0,289.0,25396.3
39,male,25.9,0,no,northwest,occasional,1,60771.0,117.0,163.0,21321.29
32,male,28.7,0,no,northwest,regular,1,71696.0,135.0,222.0,26729.03
35,female,31.8,0,no,southeast,occasional,0,34335.0,120.0,204.0,25963.8
37,female,28.4,1,yes,northeast,none,0,45074.0,117.0,265.0,41839.08
28,female,34.3,2,yes,northeast,none,2,30589.0,151.0,209.0,44405.56
47,male,25.7,0,no,northeast,occasional,2,67174.0,106.0,216.0,25383.13
27,female,20.5,5,no,southeast,occasional,0,63827.0,140.0,213.0,21247.86
48,male,40.4,0,yes,southwest,regular,0,47640.0,137.0,158.0,40317.33
53,female,24.9,1,no,southwest,occasional,1,80051.0,119.0,165.0,27901.87
63,female,25.1,3,no,northwest,occasional,0,39019.0,122.0,185.0,30894.41
23,female,28.1,2,yes,northwest,none,0,46824.0,121.0,229.0,37654.63
53,female,28.9,1,no,southwest,none,0,79172.0,125.0,203.0,28193.06
22,female,26.2,2,no,northeast,regular,0,82434.0,113.0,188.0,19812.06
33,male,28.4,0,no,southwest,none,0,44494.0,116.0,243.0,21158.56
26,male,28.3,0,no,southeast,regular,0,67105.0,117.0,126.0,20548.17
25,female,29.5,1,no,southeast,none,2,44866.0,117.0,150.0,26563.61
26,female,15.0,0,no,northeast,occasional,0,57659.0,117.0,,12792.8
20,male,39.8,0,no,northeast,none,0,65164.0,90.0,237.0,24536.14
56,female,27.6,0,no,southeast,regular,0,74328.0,123.0,192.0,29258.07
20,male,32.0,3,no,northwest,none,2,68986.0,114.0,229.0,26031.08
36,female,20.2,3,,southwest,occasional,0,68010.0,94.0,191.0,18548.43
50,male,25.7,2,no,southeast,regular,0,38273.0,117.0,231.0,26593.97
64,female,,2,no,northwest,occasional,1,70542.0,116.0,191.0,31969.22
58,male,37.3,0,no,northeast,none,1,74123.0,141.0,209.0,32977.47
24,male,25.0,0,no,southeast,regular,1,77157.0,114.0,204.0,17458.56
64,female,33.0,1,yes,northeast,occasional,0,46171.0,132.0,207.0,48054.89
48,female,24.6,1,no,southeast,none,0,82143.0,143.0,254.0,29168.73
26,male,25.8,0,no,southeast,,0,33021.0,113.0,138.0,23417.38
39,female,27.0,1,no,southwest,regular,1,52522.0,121.0,193.0,25623.51
61,male,36.2,1,no,northwest,occasional,0,55939.0,148.0,202.0,29843.26
36,male,17.2,0,yes,northwest,regular,0,34227.0,125.0,197.0,35334.62
26,male,20.6,0,no,southwest,occasional,0,55604.0,128.0,181.0,19482.56
59,male,16.8,0,no,southeast,occasional,2,66873.0,116.0,176.0,23893.91
62,female,22.0,1,no,southeast,none,0,21833.0,132.0,249.0,27706.03
63,female,23.6,4,no,southeast,occasional,0,53317.0,121.0,193.0,29078.3
62,male,18.8,1,no,southwest,occasional,2,23535.0,95.0,280.0,32641.68
59,male,24.1,2,no,northeast,none,1,106914.0,117.0,213.0,25692.54
39,female,16.4,2,yes,northwest,none,1,66675.0,104.0,185.0,34906.25
27,female,22.4,0,no,southwest,regular,1,64768.0,124.0,214.0,21084.24
47,male,35.7,1,no,northeast,none,0,67106.0,108.0,199.0,22961.53
28,male,30.9,1,no,southwest,none,1,75299.0,129.0,242.0,26893.67
40,male,29.6,1,no,northwest,none,0,83519.0,123.0,154.0,26379.2
48,male,22.5,0,yes,northeast,none,3,27602.0,103.0,132.0,40955.96
62,female,19.3,3,no,northeast,regular,0,90824.0,115.0,208.0,24253.47
31,female,21.7,4,yes,southwest,occasional,1,89408.0,131.0,224.0,34719.32
29,female,28.2,0,yes,southwest,occasional,0,60540.0,139.0,205.0,29228.22
52,female,33.7,0,no,northwest,regular,0,59388.0,108.0,219.0,26604.83
18,male,33.9,0,no,northeast,occasional,0,15000.0,106.0,213.0,20653.11
44,female,,2,yes,northwest,regular,1,34632.0,151.0,143.0,39371.93
53,female,24.1,1,no,northeast,regular,0,73415.0,122.0,205.0,27487.85
43,female,28.6,0,no,southeast,occasional,3,,123.0,241.0,31340.99
36,male,26.6,2,yes,northeast,occasional,0,78034.0,111.0,201.0,37393.9
56,female,,0,no,northeast,occasional,1,60334.0,125.0,149.0,27972.27
35,male,40.7,1,no,northeast,regular,1,104369.0,148.0,183.0,30078.22
51,female,17.9,0,no,southeast,none,0,84114.0,,214.0,27261.78
39,female,27.1,1,yes,southeast,occasional,1,53336.0,138.0,258.0,40016.11
19,female,35.8,1,no,southeast,occasional,1,110006.0,122.0,127.0,24093.25
42,female,19.7,0,no,southeast,occasional,1,37884.0,107.0,208.0,25120.92
20,female,24.6,1,yes,southwest,regular,1,29620.0,112.0,162.0,32590.84
61,male,25.3,3,yes,northwest,occasional,1,52736.0,105.0,213.0,48344.58
46,female,27.2,1,no,southwest,none,0,45310.0,125.0,216.0,24752.48
35,female,18.9,3,yes,southeast,occasional,0,53972.0,140.0,187.0,33546.71
40,male,32.1,1,no,northeast,regular,0,79558.0,124.0,217.0,23232.46
47,male,32.5,2,no,southwest,occasional,1,61252.0,117.0,235.0,31509.04
30,male,31.6,0,no,southeast,regular,2,61817.0,110.0,189.0,24513.26
31,female,23.3,2,no,southeast,regular,0,63294.0,127.0,148.0,17969.18
37,female,29.0,0,no,northeast,regular,0,15000.0,103.0,245.0,26489.92
30,female,,0,no,northwest,none,0,28664.0,105.0,224.0,24016.26
53,female,26.5,0,no,southwest,occasional,1,53523.0,136.0,215.0,27889.78
22,female,41.4,0,no,northeast,regular,1,43456.0,118.0,171.0,21293.88
56,female,29.1,4,no,northeast,,1,56901.0,118.0,229.0,35568.13
34,male,21.4,5,no,northwest,none,1,92891.0,119.0,266.0,26452.04
44,male,29.6,2,no,southeast,none,1,60362.0,133.0,191.0,30328.14
25,male,20.4,0,yes,southwest,,0,32912.0,124.0,198.0,31546.35
36,female,21.3,3,no,southeast,regular,0,44552.0,111.0,158.0,18677.09
53,male,22.3,2,no,southwest,regular,0,99633.0,111.0,,23071.24
30,male,25.8,0,no,northwest,occasional,2,95715.0,119.0,157.0,24446.12
24,male,34.1,1,yes,northwest,none,1,75109.0,127.0,200.0,38171.93
42,female,32.0,2,no,northeast,none,0,27625.0,121.0,183.0,28316.06
25,female,31.6,0,no,northeast,regular,0,68750.0,120.0,208.0,20325.4
32,female,,1,no,southeast,none,0,70441.0,123.0,164.0,18381.08
39,male,25.3,2,no,northeast,none,3,62562.0,121.0,189.0,33531.24
44,female,,0,no,northwest,none,0,49460.0,110.0,162.0,26451.03
48,female,24.7,1,yes,southwest,regular,1,54022.0,,202.0,40638.34
49,female,26.8,1,no,southeast,occasional,0,47926.0,115.0,138.0,26578.34
57,male,31.1,2,yes,northeast,none,1,36808.0,124.0,200.0,43404.41
21,male,26.4,4,no,southeast,none,1,92052.0,91.0,185.0,21189.8
35,female,29.9,3,no,southeast,regular,0,81411.0,119.0,201.0,20377.29
18,male,38.1,1,yes,southwest,occasional,1,55732.0,106.0,137.0,37554.38
18,female,27.5,1,no,southeast,occasional,0,69748.0,107.0,218.0,19264.01
27,female,35.6,1,no,northeast,none,1,70573.0,158.0,185.0,27163.65
46,male,31.9,1,no,northeast,none,0,113543.0,,203.0,30508.72
60,female,19.7,0,yes,northwest,regular,1,549561.2100110471,140.0,130.0,35852.04
54,male,21.9,2,yes,southeast,regular,0,80365.0,135.0,152.0,36765.19
48,female,23.5,2,no,southeast,occasional,1,62836.0,137.0,181.0,28298.22
54,male,23.4,1,yes,southeast,regular,0,52443.0,119.0,243.0,40302.89
26,male,28.0,3,no,southeast,occasional,1,92420.0,146.0,213.0,21420.37
57,male,32.2,2,no,northwest,regular,0,76350.0,135.0,,31939.97
59,male,36.0,0,no,northeast,none,0,43750.0,123.0,163.0,35193.09
22,female,30.3,0,no,northeast,none,1,71985.0,126.0,156.0,23116.35
40,male,25.8,0,yes,northwest,regular,0,80422.0,120.0,205.0,32062.35
57,male,16.0,0,no,southeast,regular,0,,123.0,220.0,24148.83
40,male,28.9,1,no,southwest,regular,1,,121.0,202.0,25977.93
57,male,28.7,0,no,northeast,occasional,0,69981.0,128.0,255.0,28601.02
61,male,29.6,0,no,southeast,regular,2,19662.0,148.0,171.0,36054.29
40,female,41.1,0,yes,northeast,occasional,0,23145.0,104.0,201.0,42927.35
20,female,35.9,2,no,southeast,none,2,56050.0,139.0,136.0,31333.79
33,male,,2,yes,northeast,occasional,2,72814.0,116.0,202.0,44562.6
28,female,22.7,0,no,southeast,occasional,0,73831.0,141.0,246.0,20716.05
40,female,25.4,0,no,northeast,occasional,0,96813.0,117.0,159.0,24073.69
45,male,27.9,0,no,northeast,regular,1,63810.0,128.0,224.0,29825.71
39,female,23.8,0,no,southeast,occasional,1,53802.0,120.0,245.0,26769.71
27,male,31.5,0,no,northwest,none,0,33238.0,96.0,171.0,21001.21
32,male,30.6,0,yes,northwest,none,0,53538.0,148.0,211.0,36562.02
49,male,22.0,0,no,northwest,regular,0,77566.0,108.0,250.0,20472.1
19,male,,4,no,southwest,none,1,78560.0,123.0,203.0,19967.18
28,female,29.1,1,no,northwest,regular,1,67822.0,106.0,223.0,22380.03
59,female,18.1,2,no,southeast,none,0,74037.0,102.0,133.0,25015.98
22,male,28.2,0,no,southwest,occasional,0,,119.0,216.0,18144.6
37,female,30.2,0,no,southeast,regular,1,63656.0,113.0,213.0,27179.86
27,female,34.3,4,yes,northwest,occasional,2,92081.0,,149.0,40913.12
22,female,26.5,0,no,southeast,regular,0,46014.0,121.0,161.0,21621.17
37,female,33.5,1,no,northeast,none,0,60388.0,100.0,216.0,24726.63
42,female,29.6,4,no,southeast,occasional,0,51422.0,,184.0,24656.22
26,male,20.6,1,no,northwest,occasional,1,79440.0,120.0,234.0,17145.44
21,female,20.0,0,no,southeast,regular,0,39681.0,90.0,206.0,16550.33
24,female,,1,no,southwest,none,0,54921.0,114.0,197.0,25447.59
48,female,35.7,0,no,northeast,none,1,21087.0,129.0,189.0,30069.98
58,female,30.4,0,no,northeast,occasional,0,,106.0,205.0,26486.93
26,male,37.5,0,no,northwest,regular,0,89429.0,130.0,223.0,25770.89
33,male,34.8,3,yes,southeast,regular,0,82036.0,128.0,214.0,36711.97
34,male,32.6,2,yes,northwest,regular,0,79878.0,107.0,180.0,39324.97
34,male,23.0,0,no,southeast,occasional,0,80467.0,122.0,238.0,19927.97
29,female,38.9,0,no,southeast,occasional,0,,134.0,218.0,26185.04
20,female,31.7,2,no,southwest,regular,0,75517.0,109.0,208.0,21715.16
42,female,26.2,3,yes,northwest,regular,0,76936.0,119.0,198.0,38446.02
34,female,24.5,0,yes,northeast,,2,47575.0,139.0,213.0,37605.14
34,female,30.0,0,no,northwest,regular,2,57596.0,109.0,131.0,27143.03
30,female,18.5,3,no,southeast,,0,63545.0,129.0,203.0,19541.84
61,female,32.7,3,no,northwest,none,1,54614.0,106.0,252.0,42956.06
46,female,22.8,3,no,northwest,none,0,27541.0,120.0,203.0,21742.5
37,female,,0,no,northwest,regular,1,34830.0,129.0,198.0,20859.84
27,male,25.4,0,no,southeast,occasional,2,67059.0,90.0,174.0,24656.14
55,female,26.9,1,yes,southwest,none,1,81927.0,114.0,212.0,43850.44
59,female,24.0,0,no,northwest,occasional,1,62206.0,128.0,188.0,30347.92
19,female,27.5,3,no,northeast,occasional,0,122826.0,125.0,241.0,17651.26
61,male,39.8,0,no,northwest,regular,0,41765.0,114.0,165.0,31257.03
